replace into company values (5000464409, 'Technology', 'AES Tiete Energia SA', '', 90, 1);
replace into company values (4295885240, 'Technology', 'Ryman Healthcare Ltd', '', 80, 2);

replace into raw_metric values (1, 'Air Pollutants Direct', 'E', 'External cost of pollutants released to air by the consumption of fossil fuels and production processes which are owned or controlled by the company. Direct external environmental impacts are those impacts that a company has on the environment through its own activities. Trucost applies monetary values to air pollutant quantities, which represents the global average damage of each environmental impact. All values employed are secondary - the synthesis of existing published and unpublished literature.');
replace into raw_metric values (2, 'Air Pollutants Indirect', 'E', 'External cost of indirect emissions of pollutants to the air by the consumption of fossil fuels and production processes.');
replace into raw_metric values (3, 'Analytic Audit Committee Independence', 'G', 'Percentage of independent board members on the audit committee as stipulated by the company.');
replace into raw_metric values (4, 'Analytic Board Female', 'G', 'Percentage of females on the board.');
replace into raw_metric values (5, 'Analytic CEO Chairman Separation', 'G', 'Does the CEO simultaneously chair the board or has the chairman of the board been the CEO of the company?');
replace into raw_metric values (6, 'Analytic Compensation Committee Independence', 'G', 'Percentage of independent board members on the compensation committee as stipulated by the company.');
replace into raw_metric values (7, 'Analytic CSR Compensation Incentives', 'G', 'Is the senior executive compensation linked to CSR/H&S/Sustainability targets?');
replace into raw_metric values (8, 'Analytic Employment Creation', 'G', 'Employment growth over the last year.');
replace into raw_metric values (9, 'Analytic Estimated CO2 Total', 'E', 'The estimated total CO2 and CO2 equivalents emission in tons. Total CO2e Emissions (Scope 1 + Scope 2 + Scope 3)');
replace into raw_metric values (10, 'Analytic Independent Board', 'G', 'Percentage of independent board members as reported by the company.');
replace into raw_metric values (11, 'Analytic Nomination Committee Independence', 'G', 'Percentage of non-executive board members on the nomination committee.');
replace into raw_metric values (12, 'Analytic Non-audit Audit Fees Ratio', 'G', 'All non-audit fees divided by the audit and audit-related fees paid to the group auditor.');
replace into raw_metric values (13, 'Analytic Non-executive Board', 'G', 'Percentage of non-executive board members.');
replace into raw_metric values (14, 'Analytic QMS', 'G', 'Does the company claim to apply quality management systems, such as ISO 9000, Six Sigma, Lean Manufacturing, Lean Sigma, TQM or any other similar quality principles?');
replace into raw_metric values (15, 'Analytic Total Donations', 'S', 'Total amount of all donations divided by net sales or revenue.');
replace into raw_metric values (16, 'Analytic Waste Recycling Ratio', 'E', 'Total recycled and reused waste produced in tons divided by total waste produced in tons.');
replace into raw_metric values (17, 'Analytic Anti-takeover Devices', 'G', 'The number of anti-takeover devices in place in excess of two.');
replace into raw_metric values (18, 'Analytic Audit Committee Expertise', 'G', 'Does the company have an audit committee with at least three members and at least one "financial expert" within the meaning of Sarbanes-Oxley?');
replace into raw_metric values (19, 'Analytic Voting Rights', 'G', 'Are all shares of the company providing equal voting rights?');
replace into raw_metric values (20, 'Animal Testing Reduction', 'S', 'Has the company established a program or an initiative to reduce, phase out or substitute for animal testing?');
replace into raw_metric values (21, 'Annual Median Compensation', 'G', 'Median annual compensation for the entire company, excluding the highest paid employee.');
replace into raw_metric values (22, 'Audit Committee Non-executive Members', 'G', 'Percentage of non-executive board members on the audit committee as stipulated by the company.');
replace into raw_metric values (23, 'AVG Training Hours', 'G', 'Average hours of training per year per employee.');
replace into raw_metric values (24, 'Biodiversity Impact Reduction', 'E', 'Does the company report on its impact on biodiversity or on activities to reduce its impact on the native ecosystems and species, as well as the biodiversity of protected and sensitive areas?');
replace into raw_metric values (25, 'Board Meeting Attendance AVG', 'G', 'The average overall attendance percentage of board meetings as reported by the company.');
replace into raw_metric values (26, 'Bribery and Corruption PAI Insufficient Actions', 'G', 'Cases of insufficient action taken to address breaches of standards of anti-corruption and anti-bribery.');
replace into raw_metric values (27, 'Call Meetings Limited Rights', 'G', 'Has the company limited the rights of shareholders to call special meetings?');
replace into raw_metric values (28, 'CEO Annual Compensation', 'G', 'Total annual compensation for the highest paid individual (normally the CEO).');
replace into raw_metric values (29, 'CEO Pay Ratio Median', 'G', 'Already reported ratio of CEO compensation over median annual employee compensation.');
replace into raw_metric values (30, 'Climate Change Risks Opportunities', 'E', 'Is the company aware that climate change can represent commercial risks and/or opportunities?');
replace into raw_metric values (31, 'CO2 Direct Scope 1', 'E', 'Scope 1 emissions that occur within a company’s organizational boundary from sources that the company owns or controls in tons of CO2e.');
replace into raw_metric values (32, 'CO2 Indirect Scope 2', 'E', 'Scope 2 emissions that result from the generation of purchased electricity, heating, cooling, and steam in tons of CO2e.');
replace into raw_metric values (33, 'CO2 Indirect Scope 3', 'E', 'Scope 3 emissions that occur in the value chain of the reporting company in tons of CO2e.');
replace into raw_metric values (34, 'CO2 No Equivalents', 'E', 'The estimated total CO2 emission in tons (without counting CO2 equivalents).');
replace into raw_metric values (35, 'Committee Meetings Attendance AVG', 'G', 'The average overall attendance percentage of board committee meetings as reported by the company.');
replace into raw_metric values (36, 'Compensation Committee Non-executive Members', 'G', 'Percentage of non-executive board members on the compensation committee as stipulated by the company.');
replace into raw_metric values (37, 'Conformance OECD MNE', 'S', 'Does the company claim to follow the OECD Guidelines for Multinational Enterprises?');
replace into raw_metric values (38, 'Conformance UN Guide', 'S', 'Does the company have clear reference to conformance with the UN Guiding Principles on Business and Human Rights?');
replace into raw_metric values (39, 'CSR Reporting GRI', 'G', 'Is the company''s CSR report published in accordance with the GRI guidelines?');
replace into raw_metric values (40, 'CSR Reporting External Audit', 'G', 'Does the company have an external auditor of its CSR/H&S/Sustainability report?');
replace into raw_metric values (41, 'Day Care Services', 'S', 'Does the company claim to provide day care services for its employees?');
replace into raw_metric values (42, 'ECO Design Products', 'E', 'Does the company report on specific products which are designed for reuse, recycling or the reduction of environmental impacts?');
replace into raw_metric values (43, 'Electricity Purchased', 'E', 'Electricity purchased in gigajoules.');
replace into raw_metric values (44, 'Elimination Cumulative Voting Rights', 'G', 'Has the company reduced or eliminated cumulative voting in regard to the election of board members?');
replace into raw_metric values (45, 'Employee Fatalities', 'S', 'Number of employee fatalities resulting from operational accidents.');
replace into raw_metric values (46, 'Employee Health Safety Policy', 'S', 'Does the company have a policy to improve employee health & safety?');
replace into raw_metric values (47, 'EMS Certified PCT', 'E', 'The percentage of company sites or subsidiaries that are certified with any environmental management system.');
replace into raw_metric values (48, 'Energy Purchased Direct', 'E', 'Direct energy purchased in gigajoules.');
replace into raw_metric values (49, 'Energy Use Total', 'E', 'Total energy consumed by a company within its operational control, including energy produced and purchased (e.g., electricity, steam, natural gas, coal, oil).');
replace into raw_metric values (50, 'ENV Investments', 'E', 'Does the company report on making proactive environmental investments or expenditures to reduce future risks or increase future opportunities?');
replace into raw_metric values (51, 'ENV Supply Chain MGT', 'E', 'Does the company use environmental criteria (ISO 14000, energy consumption, etc.) in the selection process of its suppliers or sourcing partners?');
replace into raw_metric values (52, 'E Waste Reduction', 'E', 'Does the company report on initiatives to recycle, reduce, reuse, substitute, treat or phase out e-waste?');
replace into raw_metric values (53, 'Gender Pay Gap Percentage', 'S', 'Percentage of remuneration of women to men.');
replace into raw_metric values (54, 'Global Compact', 'G', 'Has the company signed the UN Global Compact?');
replace into raw_metric values (55, 'Grievance Reporting Process', 'S', 'Does the company have a formal grievance reporting process for concerns reporting misconduct or ethical concerns?');
replace into raw_metric values (56, 'Hazardous Waste', 'E', 'Total amount of hazardous waste produced in tons.');
replace into raw_metric values (57, 'Human Rights Contractor', 'S', 'Does the company report or show to use human rights criteria in the selection or monitoring process of its suppliers or sourcing partners?');
replace into raw_metric values (58, 'Human Rights Policy Due Diligence', 'S', 'Does the company have a due diligence process in place to prevent/ act upon human right abuses? Both in its operations and suppliers operations?');
replace into raw_metric values (59, 'Human Rights Violation PAI', 'S', 'Number of identified cases of severe human rights issues and incidents.');
replace into raw_metric values (60, 'Improvement Tools Business Ethics', 'S', 'Does the company have appropriate communication tools (whistle blower, ombudsman, suggestion box, hotline, newsletter, website, etc.) to improve general business ethics?');
replace into raw_metric values (61, 'ISO14000', 'S', 'Does the company claim to have an ISO 14000 or EMS certification?');
replace into raw_metric values (62, 'Labeled Wood', 'E', 'Does the company claim to produce, source or distribute wood or forest products that are labeled (e.g., Forest Stewardship Council (FSC))?');
replace into raw_metric values (63, 'Lost Working Days', 'S', 'Total working days lost by the workforce (employees and contractors), due to some form of incapacity, including occupational diseases and injuries.');
replace into raw_metric values (64, 'Natural Resource Use Direct', 'E', 'External cost of the direct extraction of minerals, metals, natural gas, oil, coal, forestry, agriculture and aggregates by the company. Direct external environmental impacts are those impacts that a company has on the environment through its own activities.');
replace into raw_metric values (65, 'NOx Emissions', 'E', 'Total amount of NOx emissions emitted in tons.');
replace into raw_metric values (66, 'NOx SOx Emissions Reduction', 'E', 'Does the company report on initiatives to reduce, reuse, recycle, substitute, or phase out SOx (sulfur oxides) or NOx (nitrogen oxides) emissions?');
replace into raw_metric values (67, 'Organic Products Initiatives', 'E', 'Does the company report or show initiatives to produce or promote organic food or other products?');
replace into raw_metric values (68, 'Particulate Matter Emissions', 'E', 'Amount of particulate matter (a complex mixture of small liquid droplets and solid particulates suspended in the air) emitted by the company.');
replace into raw_metric values (69, 'Policy Board Diversity', 'S', 'Does the company have a policy regarding the gender diversity of its board?');
replace into raw_metric values (70, 'Policy Bribery and Corruption', 'S', 'Does the company have a policy and/or processes in place to avoid bribery and corruption in all its operations?');
replace into raw_metric values (71, 'Policy Business Ethics', 'S', 'Does the company describe in the code of conduct that it strives to maintain the highest level of general business ethics?');
replace into raw_metric values (72, 'Policy Child Labor', 'S', 'Does the company have a policy to avoid the use of child labor?');
replace into raw_metric values (73, 'Policy Data Privacy', 'S', 'Does the company have a policy to protect customer and general public privacy and integrity?');
replace into raw_metric values (74, 'Policy Emissions', 'E', 'Does the company have a policy to improve emission reduction?');
replace into raw_metric values (75, 'Policy Forced Labor', 'S', 'Does the company have a policy to avoid the use of forced labor?');
replace into raw_metric values (76, 'Policy Freedom of Association', 'S', 'Does the company describe, claim to have or mention the processes in place to ensure the freedom of association of its employees?');
replace into raw_metric values (77, 'Policy Human Rights', 'S', 'Does the company have a policy to ensure the respect of human rights in general?');
replace into raw_metric values (78, 'Policy Sustainable Packaging', 'E', 'Does the company have a policy to improve its use of sustainable packaging?');
replace into raw_metric values (79, 'Policy Water Efficiency', 'E', 'Does the company have a policy to improve its water efficiency?');
replace into raw_metric values (80, 'Renew Energy Consumed', 'E', 'Total renewable energy consumed in Gigajoules.');
replace into raw_metric values (81, 'Renew Energy Produced', 'E', 'Total renewable energy produced for self-consumption in Gigajoules.');
replace into raw_metric values (82, 'Renew Energy Purchased', 'E', 'Total renewable energy purchased for self-consumption in Gigajoules.');
replace into raw_metric values (83, 'SOx Emissions', 'E', 'Total amount of SOx emissions emitted in tons.');
replace into raw_metric values (84, 'Supply Chains Policy', 'S', 'Does the company have a policy to improve employee health & safety in its supply chain?');
replace into raw_metric values (85, 'Sustainable Building Products', 'E', 'Does the company develop products and services that improve the energy efficiency of buildings?');
replace into raw_metric values (86, 'Take-back Recycling Initiatives', 'E', 'Does the company reports about take-back procedures and recycling programs to reduce the potential risks of products entering the environment?');
replace into raw_metric values (87, 'Targets Diversity Opportunity', 'S', 'Has the company set targets or objectives to be achieved on diversity and equal opportunity?');
replace into raw_metric values (88, 'Targets Emissions', 'E', 'Has the company set targets or objectives to be achieved on emission reduction?');
replace into raw_metric values (89, 'Targets Water Efficiency', 'E', 'Has the company set targets or objectives to be achieved on water efficiency?');
replace into raw_metric values (90, 'TIR Total', 'S', 'Rate of total number of injuries (Total Injury Rate TIR) and fatalities in the workforce (employees and contractors) relative to 1 million hours worked.');
replace into raw_metric values (91, 'Toxic Chemicals Reduction', 'E', 'Does the company report on initiatives to reduce, reuse, substitute or phase out toxic chemicals or substances?');
replace into raw_metric values (92, 'Trade Union Represented', 'S', 'Percentage of employees represented by independent trade union organizations or covered by collective bargaining agreements.');
replace into raw_metric values (93, 'TR Analytic Renew Energy Use', 'E', 'Total energy consumed from primary renewable energy sources divided by total energy consumed.');
replace into raw_metric values (94, 'Turnover Employees', 'S', 'Percentage of employee turnover.');
replace into raw_metric values (95, 'VOC Emissions', 'E', 'Amount of Volatile Organic Compounds (VOC) emitted by the company.');
replace into raw_metric values (96, 'VOC Emissions Reduction', 'E', 'Does the company report on initiatives to reduce, substitute, or phase out volatile organic compounds (VOC)?');
replace into raw_metric values (97, 'Waste Total', 'E', 'Total amount of waste produced in tons.');
replace into raw_metric values (98, 'Waste Recycled', 'E', 'Total waste that is generated by the company and is recycled, reused or composted.');
replace into raw_metric values (99, 'Waste Reduction Total', 'E', 'Does the company report on initiatives to recycle, reduce, reuse, substitute, treat or phase out total waste?');
replace into raw_metric values (100, 'Water Withdrawal Total', 'E', 'Total water withdrawal in cubic meters.');
replace into raw_metric values (101, 'Water Technologies', 'E', 'Does the company develop products or technologies that are used for water treatment, purification or that improve water use efficiency?');
replace into raw_metric values (102, 'Water Use PAI M10', 'E', 'Average amount of water consumed and reclaimed by the investee companies.');
replace into raw_metric values (103, 'Whistleblower Protection', 'S', 'Does the company have a provision or comply with regulations protecting whistleblowers?');
replace into raw_metric values (104, 'Women Employees', 'S', 'Percentage of women employees.');
replace into raw_metric values (105, 'Women Managers', 'S', 'Percentage of women managers.');

REPLACE INTO esg_management.company_esg_raw_data (id, metric_id, metric_name, metric_score, metric_year, company_id, company_name, pillar, provider_name) VALUES (1, 1, 'Air Pollutants Direct', 96, 2022, 4295885240, 'Ryman Healthcare Ltd', 'E', 'Clarity AI');
REPLACE INTO esg_management.company_esg_raw_data (id, metric_id, metric_name, metric_score, metric_year, company_id, company_name, pillar, provider_name) VALUES (2, 1, 'Air Pollutants Direct', 87, 2023, 4295885240, 'Ryman Healthcare Ltd', 'E', 'Clarity AI');
REPLACE INTO esg_management.company_esg_raw_data (id, metric_id, metric_name, metric_score, metric_year, company_id, company_name, pillar, provider_name) VALUES (3, 2, 'Air Pollutants Indirect', 60, 2022, 4295885240, 'Ryman Healthcare Ltd', 'E', 'Clarity AI');
REPLACE INTO esg_management.company_esg_raw_data (id, metric_id, metric_name, metric_score, metric_year, company_id, company_name, pillar, provider_name) VALUES (4, 2, 'Air Pollutants Indirect', 80, 2023, 4295885240, 'Ryman Healthcare Ltd', 'E', 'Clarity AI');
REPLACE INTO esg_management.company_esg_raw_data (id, metric_id, metric_name, metric_score, metric_year, company_id, company_name, pillar, provider_name) VALUES (5, 3, 'Analytic Audit Committee Independence', 80, 2022, 4295885240, 'Ryman Healthcare Ltd', 'G', 'Clarity AI');
REPLACE INTO esg_management.company_esg_raw_data (id, metric_id, metric_name, metric_score, metric_year, company_id, company_name, pillar, provider_name) VALUES (6, 3, 'Analytic Audit Committee Independence', 85, 2023, 4295885240, 'Ryman Healthcare Ltd', 'G', 'Clarity AI');
REPLACE INTO esg_management.company_esg_raw_data (id, metric_id, metric_name, metric_score, metric_year, company_id, company_name, pillar, provider_name) VALUES (7, 4, 'Analytic Board Female', 89, 2022, 4295885240, 'Ryman Healthcare Ltd', 'G', 'Clarity AI');
REPLACE INTO esg_management.company_esg_raw_data (id, metric_id, metric_name, metric_score, metric_year, company_id, company_name, pillar, provider_name) VALUES (8, 4, 'Analytic Board Female', 81, 2023, 4295885240, 'Ryman Healthcare Ltd', 'G', 'Clarity AI');
REPLACE INTO esg_management.company_esg_raw_data (id, metric_id, metric_name, metric_score, metric_year, company_id, company_name, pillar, provider_name) VALUES (9, 5, 'Analytic CEO Chairman Separation', 68, 2022, 4295885240, 'Ryman Healthcare Ltd', 'G', 'Clarity AI');
REPLACE INTO esg_management.company_esg_raw_data (id, metric_id, metric_name, metric_score, metric_year, company_id, company_name, pillar, provider_name) VALUES (10, 5, 'Analytic CEO Chairman Separation', 66, 2023, 4295885240, 'Ryman Healthcare Ltd', 'G', 'Clarity AI');
REPLACE INTO esg_management.company_esg_raw_data (id, metric_id, metric_name, metric_score, metric_year, company_id, company_name, pillar, provider_name) VALUES (11, 6, 'Analytic Compensation Committee Independence', 100, 2022, 4295885240, 'Ryman Healthcare Ltd', 'G', 'Clarity AI');
REPLACE INTO esg_management.company_esg_raw_data (id, metric_id, metric_name, metric_score, metric_year, company_id, company_name, pillar, provider_name) VALUES (12, 6, 'Analytic Compensation Committee Independence', 91, 2023, 4295885240, 'Ryman Healthcare Ltd', 'G', 'Clarity AI');
REPLACE INTO esg_management.company_esg_raw_data (id, metric_id, metric_name, metric_score, metric_year, company_id, company_name, pillar, provider_name) VALUES (13, 7, 'Analytic CSR Compensation Incentives', 83, 2022, 4295885240, 'Ryman Healthcare Ltd', 'G', 'Clarity AI');
REPLACE INTO esg_management.company_esg_raw_data (id, metric_id, metric_name, metric_score, metric_year, company_id, company_name, pillar, provider_name) VALUES (14, 7, 'Analytic CSR Compensation Incentives', 99, 2023, 4295885240, 'Ryman Healthcare Ltd', 'G', 'Clarity AI');
REPLACE INTO esg_management.company_esg_raw_data (id, metric_id, metric_name, metric_score, metric_year, company_id, company_name, pillar, provider_name) VALUES (15, 8, 'Analytic Employment Creation', 75, 2022, 4295885240, 'Ryman Healthcare Ltd', 'G', 'Clarity AI');
REPLACE INTO esg_management.company_esg_raw_data (id, metric_id, metric_name, metric_score, metric_year, company_id, company_name, pillar, provider_name) VALUES (16, 8, 'Analytic Employment Creation', 83, 2023, 4295885240, 'Ryman Healthcare Ltd', 'G', 'Clarity AI');
REPLACE INTO esg_management.company_esg_raw_data (id, metric_id, metric_name, metric_score, metric_year, company_id, company_name, pillar, provider_name) VALUES (17, 9, 'Analytic Estimated CO2 Total', 88, 2022, 4295885240, 'Ryman Healthcare Ltd', 'E', 'Clarity AI');
REPLACE INTO esg_management.company_esg_raw_data (id, metric_id, metric_name, metric_score, metric_year, company_id, company_name, pillar, provider_name) VALUES (18, 9, 'Analytic Estimated CO2 Total', 69, 2023, 4295885240, 'Ryman Healthcare Ltd', 'E', 'Clarity AI');
REPLACE INTO esg_management.company_esg_raw_data (id, metric_id, metric_name, metric_score, metric_year, company_id, company_name, pillar, provider_name) VALUES (19, 10, 'Analytic Independent Board', 81, 2022, 4295885240, 'Ryman Healthcare Ltd', 'G', 'Clarity AI');
REPLACE INTO esg_management.company_esg_raw_data (id, metric_id, metric_name, metric_score, metric_year, company_id, company_name, pillar, provider_name) VALUES (20, 10, 'Analytic Independent Board', 81, 2023, 4295885240, 'Ryman Healthcare Ltd', 'G', 'Clarity AI');
REPLACE INTO esg_management.company_esg_raw_data (id, metric_id, metric_name, metric_score, metric_year, company_id, company_name, pillar, provider_name) VALUES (21, 11, 'Analytic Nomination Committee Independence', 87, 2022, 4295885240, 'Ryman Healthcare Ltd', 'G', 'Clarity AI');
REPLACE INTO esg_management.company_esg_raw_data (id, metric_id, metric_name, metric_score, metric_year, company_id, company_name, pillar, provider_name) VALUES (22, 11, 'Analytic Nomination Committee Independence', 61, 2023, 4295885240, 'Ryman Healthcare Ltd', 'G', 'Clarity AI');
REPLACE INTO esg_management.company_esg_raw_data (id, metric_id, metric_name, metric_score, metric_year, company_id, company_name, pillar, provider_name) VALUES (23, 12, 'Analytic Non-audit Audit Fees Ratio', 66, 2022, 4295885240, 'Ryman Healthcare Ltd', 'G', 'Clarity AI');
REPLACE INTO esg_management.company_esg_raw_data (id, metric_id, metric_name, metric_score, metric_year, company_id, company_name, pillar, provider_name) VALUES (24, 12, 'Analytic Non-audit Audit Fees Ratio', 71, 2023, 4295885240, 'Ryman Healthcare Ltd', 'G', 'Clarity AI');
REPLACE INTO esg_management.company_esg_raw_data (id, metric_id, metric_name, metric_score, metric_year, company_id, company_name, pillar, provider_name) VALUES (25, 13, 'Analytic Non-executive Board', 67, 2022, 4295885240, 'Ryman Healthcare Ltd', 'G', 'Clarity AI');
REPLACE INTO esg_management.company_esg_raw_data (id, metric_id, metric_name, metric_score, metric_year, company_id, company_name, pillar, provider_name) VALUES (26, 13, 'Analytic Non-executive Board', 92, 2023, 4295885240, 'Ryman Healthcare Ltd', 'G', 'Clarity AI');
REPLACE INTO esg_management.company_esg_raw_data (id, metric_id, metric_name, metric_score, metric_year, company_id, company_name, pillar, provider_name) VALUES (27, 14, 'Analytic QMS', 89, 2022, 4295885240, 'Ryman Healthcare Ltd', 'G', 'Clarity AI');
REPLACE INTO esg_management.company_esg_raw_data (id, metric_id, metric_name, metric_score, metric_year, company_id, company_name, pillar, provider_name) VALUES (28, 14, 'Analytic QMS', 65, 2023, 4295885240, 'Ryman Healthcare Ltd', 'G', 'Clarity AI');
REPLACE INTO esg_management.company_esg_raw_data (id, metric_id, metric_name, metric_score, metric_year, company_id, company_name, pillar, provider_name) VALUES (29, 15, 'Analytic Total Donations', 67, 2022, 4295885240, 'Ryman Healthcare Ltd', 'S', 'Clarity AI');
REPLACE INTO esg_management.company_esg_raw_data (id, metric_id, metric_name, metric_score, metric_year, company_id, company_name, pillar, provider_name) VALUES (30, 15, 'Analytic Total Donations', 81, 2023, 4295885240, 'Ryman Healthcare Ltd', 'S', 'Clarity AI');
REPLACE INTO esg_management.company_esg_raw_data (id, metric_id, metric_name, metric_score, metric_year, company_id, company_name, pillar, provider_name) VALUES (31, 16, 'Analytic Waste Recycling Ratio', 78, 2022, 4295885240, 'Ryman Healthcare Ltd', 'E', 'Clarity AI');
REPLACE INTO esg_management.company_esg_raw_data (id, metric_id, metric_name, metric_score, metric_year, company_id, company_name, pillar, provider_name) VALUES (32, 16, 'Analytic Waste Recycling Ratio', 84, 2023, 4295885240, 'Ryman Healthcare Ltd', 'E', 'Clarity AI');
REPLACE INTO esg_management.company_esg_raw_data (id, metric_id, metric_name, metric_score, metric_year, company_id, company_name, pillar, provider_name) VALUES (33, 17, 'Analytic Anti-takeover Devices', 65, 2022, 4295885240, 'Ryman Healthcare Ltd', 'G', 'Clarity AI');
REPLACE INTO esg_management.company_esg_raw_data (id, metric_id, metric_name, metric_score, metric_year, company_id, company_name, pillar, provider_name) VALUES (34, 17, 'Analytic Anti-takeover Devices', 84, 2023, 4295885240, 'Ryman Healthcare Ltd', 'G', 'Clarity AI');
REPLACE INTO esg_management.company_esg_raw_data (id, metric_id, metric_name, metric_score, metric_year, company_id, company_name, pillar, provider_name) VALUES (35, 18, 'Analytic Audit Committee Expertise', 74, 2022, 4295885240, 'Ryman Healthcare Ltd', 'G', 'Clarity AI');
REPLACE INTO esg_management.company_esg_raw_data (id, metric_id, metric_name, metric_score, metric_year, company_id, company_name, pillar, provider_name) VALUES (36, 18, 'Analytic Audit Committee Expertise', 96, 2023, 4295885240, 'Ryman Healthcare Ltd', 'G', 'Clarity AI');
REPLACE INTO esg_management.company_esg_raw_data (id, metric_id, metric_name, metric_score, metric_year, company_id, company_name, pillar, provider_name) VALUES (37, 19, 'Analytic Voting Rights', 64, 2022, 4295885240, 'Ryman Healthcare Ltd', 'G', 'Clarity AI');
REPLACE INTO esg_management.company_esg_raw_data (id, metric_id, metric_name, metric_score, metric_year, company_id, company_name, pillar, provider_name) VALUES (38, 19, 'Analytic Voting Rights', 62, 2023, 4295885240, 'Ryman Healthcare Ltd', 'G', 'Clarity AI');
REPLACE INTO esg_management.company_esg_raw_data (id, metric_id, metric_name, metric_score, metric_year, company_id, company_name, pillar, provider_name) VALUES (39, 20, 'Animal Testing Reduction', 71, 2022, 4295885240, 'Ryman Healthcare Ltd', 'S', 'Clarity AI');
REPLACE INTO esg_management.company_esg_raw_data (id, metric_id, metric_name, metric_score, metric_year, company_id, company_name, pillar, provider_name) VALUES (40, 20, 'Animal Testing Reduction', 86, 2023, 4295885240, 'Ryman Healthcare Ltd', 'S', 'Clarity AI');
REPLACE INTO esg_management.company_esg_raw_data (id, metric_id, metric_name, metric_score, metric_year, company_id, company_name, pillar, provider_name) VALUES (41, 21, 'Annual Median Compensation', 70, 2022, 4295885240, 'Ryman Healthcare Ltd', 'G', 'Clarity AI');
REPLACE INTO esg_management.company_esg_raw_data (id, metric_id, metric_name, metric_score, metric_year, company_id, company_name, pillar, provider_name) VALUES (42, 21, 'Annual Median Compensation', 70, 2023, 4295885240, 'Ryman Healthcare Ltd', 'G', 'Clarity AI');
REPLACE INTO esg_management.company_esg_raw_data (id, metric_id, metric_name, metric_score, metric_year, company_id, company_name, pillar, provider_name) VALUES (43, 22, 'Audit Committee Non-executive Members', 71, 2022, 4295885240, 'Ryman Healthcare Ltd', 'G', 'Clarity AI');
REPLACE INTO esg_management.company_esg_raw_data (id, metric_id, metric_name, metric_score, metric_year, company_id, company_name, pillar, provider_name) VALUES (44, 22, 'Audit Committee Non-executive Members', 76, 2023, 4295885240, 'Ryman Healthcare Ltd', 'G', 'Clarity AI');
REPLACE INTO esg_management.company_esg_raw_data (id, metric_id, metric_name, metric_score, metric_year, company_id, company_name, pillar, provider_name) VALUES (45, 23, 'AVG Training Hours', 71, 2022, 4295885240, 'Ryman Healthcare Ltd', 'G', 'Clarity AI');
REPLACE INTO esg_management.company_esg_raw_data (id, metric_id, metric_name, metric_score, metric_year, company_id, company_name, pillar, provider_name) VALUES (46, 23, 'AVG Training Hours', 68, 2023, 4295885240, 'Ryman Healthcare Ltd', 'G', 'Clarity AI');
REPLACE INTO esg_management.company_esg_raw_data (id, metric_id, metric_name, metric_score, metric_year, company_id, company_name, pillar, provider_name) VALUES (47, 24, 'Biodiversity Impact Reduction', 62, 2022, 4295885240, 'Ryman Healthcare Ltd', 'E', 'Clarity AI');
REPLACE INTO esg_management.company_esg_raw_data (id, metric_id, metric_name, metric_score, metric_year, company_id, company_name, pillar, provider_name) VALUES (48, 24, 'Biodiversity Impact Reduction', 83, 2023, 4295885240, 'Ryman Healthcare Ltd', 'E', 'Clarity AI');
REPLACE INTO esg_management.company_esg_raw_data (id, metric_id, metric_name, metric_score, metric_year, company_id, company_name, pillar, provider_name) VALUES (49, 25, 'Board Meeting Attendance AVG', 78, 2022, 4295885240, 'Ryman Healthcare Ltd', 'G', 'Clarity AI');
REPLACE INTO esg_management.company_esg_raw_data (id, metric_id, metric_name, metric_score, metric_year, company_id, company_name, pillar, provider_name) VALUES (50, 25, 'Board Meeting Attendance AVG', 75, 2023, 4295885240, 'Ryman Healthcare Ltd', 'G', 'Clarity AI');
REPLACE INTO esg_management.company_esg_raw_data (id, metric_id, metric_name, metric_score, metric_year, company_id, company_name, pillar, provider_name) VALUES (51, 26, 'Bribery and Corruption PAI Insufficient Actions', 73, 2022, 4295885240, 'Ryman Healthcare Ltd', 'G', 'Clarity AI');
REPLACE INTO esg_management.company_esg_raw_data (id, metric_id, metric_name, metric_score, metric_year, company_id, company_name, pillar, provider_name) VALUES (52, 26, 'Bribery and Corruption PAI Insufficient Actions', 64, 2023, 4295885240, 'Ryman Healthcare Ltd', 'G', 'Clarity AI');
REPLACE INTO esg_management.company_esg_raw_data (id, metric_id, metric_name, metric_score, metric_year, company_id, company_name, pillar, provider_name) VALUES (53, 27, 'Call Meetings Limited Rights', 96, 2022, 4295885240, 'Ryman Healthcare Ltd', 'G', 'Clarity AI');
REPLACE INTO esg_management.company_esg_raw_data (id, metric_id, metric_name, metric_score, metric_year, company_id, company_name, pillar, provider_name) VALUES (54, 27, 'Call Meetings Limited Rights', 94, 2023, 4295885240, 'Ryman Healthcare Ltd', 'G', 'Clarity AI');
REPLACE INTO esg_management.company_esg_raw_data (id, metric_id, metric_name, metric_score, metric_year, company_id, company_name, pillar, provider_name) VALUES (55, 28, 'CEO Annual Compensation', 70, 2022, 4295885240, 'Ryman Healthcare Ltd', 'G', 'Clarity AI');
REPLACE INTO esg_management.company_esg_raw_data (id, metric_id, metric_name, metric_score, metric_year, company_id, company_name, pillar, provider_name) VALUES (56, 28, 'CEO Annual Compensation', 72, 2023, 4295885240, 'Ryman Healthcare Ltd', 'G', 'Clarity AI');
REPLACE INTO esg_management.company_esg_raw_data (id, metric_id, metric_name, metric_score, metric_year, company_id, company_name, pillar, provider_name) VALUES (57, 29, 'CEO Pay Ratio Median', 80, 2022, 4295885240, 'Ryman Healthcare Ltd', 'G', 'Clarity AI');
REPLACE INTO esg_management.company_esg_raw_data (id, metric_id, metric_name, metric_score, metric_year, company_id, company_name, pillar, provider_name) VALUES (58, 29, 'CEO Pay Ratio Median', 62, 2023, 4295885240, 'Ryman Healthcare Ltd', 'G', 'Clarity AI');
REPLACE INTO esg_management.company_esg_raw_data (id, metric_id, metric_name, metric_score, metric_year, company_id, company_name, pillar, provider_name) VALUES (59, 30, 'Climate Change Risks Opportunities', 76, 2022, 4295885240, 'Ryman Healthcare Ltd', 'E', 'Clarity AI');
REPLACE INTO esg_management.company_esg_raw_data (id, metric_id, metric_name, metric_score, metric_year, company_id, company_name, pillar, provider_name) VALUES (60, 30, 'Climate Change Risks Opportunities', 85, 2023, 4295885240, 'Ryman Healthcare Ltd', 'E', 'Clarity AI');
REPLACE INTO esg_management.company_esg_raw_data (id, metric_id, metric_name, metric_score, metric_year, company_id, company_name, pillar, provider_name) VALUES (61, 31, 'CO2 Direct Scope 1', 88, 2022, 4295885240, 'Ryman Healthcare Ltd', 'E', 'Clarity AI');
REPLACE INTO esg_management.company_esg_raw_data (id, metric_id, metric_name, metric_score, metric_year, company_id, company_name, pillar, provider_name) VALUES (62, 31, 'CO2 Direct Scope 1', 64, 2023, 4295885240, 'Ryman Healthcare Ltd', 'E', 'Clarity AI');
REPLACE INTO esg_management.company_esg_raw_data (id, metric_id, metric_name, metric_score, metric_year, company_id, company_name, pillar, provider_name) VALUES (63, 32, 'CO2 Indirect Scope 2', 87, 2022, 4295885240, 'Ryman Healthcare Ltd', 'E', 'Clarity AI');
REPLACE INTO esg_management.company_esg_raw_data (id, metric_id, metric_name, metric_score, metric_year, company_id, company_name, pillar, provider_name) VALUES (64, 32, 'CO2 Indirect Scope 2', 67, 2023, 4295885240, 'Ryman Healthcare Ltd', 'E', 'Clarity AI');
REPLACE INTO esg_management.company_esg_raw_data (id, metric_id, metric_name, metric_score, metric_year, company_id, company_name, pillar, provider_name) VALUES (65, 33, 'CO2 Indirect Scope 3', 83, 2022, 4295885240, 'Ryman Healthcare Ltd', 'E', 'Clarity AI');
REPLACE INTO esg_management.company_esg_raw_data (id, metric_id, metric_name, metric_score, metric_year, company_id, company_name, pillar, provider_name) VALUES (66, 33, 'CO2 Indirect Scope 3', 70, 2023, 4295885240, 'Ryman Healthcare Ltd', 'E', 'Clarity AI');
REPLACE INTO esg_management.company_esg_raw_data (id, metric_id, metric_name, metric_score, metric_year, company_id, company_name, pillar, provider_name) VALUES (67, 34, 'CO2 No Equivalents', 63, 2022, 4295885240, 'Ryman Healthcare Ltd', 'E', 'Clarity AI');
REPLACE INTO esg_management.company_esg_raw_data (id, metric_id, metric_name, metric_score, metric_year, company_id, company_name, pillar, provider_name) VALUES (68, 34, 'CO2 No Equivalents', 94, 2023, 4295885240, 'Ryman Healthcare Ltd', 'E', 'Clarity AI');
REPLACE INTO esg_management.company_esg_raw_data (id, metric_id, metric_name, metric_score, metric_year, company_id, company_name, pillar, provider_name) VALUES (69, 35, 'Committee Meetings Attendance AVG', 95, 2022, 4295885240, 'Ryman Healthcare Ltd', 'G', 'Clarity AI');
REPLACE INTO esg_management.company_esg_raw_data (id, metric_id, metric_name, metric_score, metric_year, company_id, company_name, pillar, provider_name) VALUES (70, 35, 'Committee Meetings Attendance AVG', 76, 2023, 4295885240, 'Ryman Healthcare Ltd', 'G', 'Clarity AI');
REPLACE INTO esg_management.company_esg_raw_data (id, metric_id, metric_name, metric_score, metric_year, company_id, company_name, pillar, provider_name) VALUES (71, 36, 'Compensation Committee Non-executive Members', 95, 2022, 4295885240, 'Ryman Healthcare Ltd', 'G', 'Clarity AI');
REPLACE INTO esg_management.company_esg_raw_data (id, metric_id, metric_name, metric_score, metric_year, company_id, company_name, pillar, provider_name) VALUES (72, 36, 'Compensation Committee Non-executive Members', 60, 2023, 4295885240, 'Ryman Healthcare Ltd', 'G', 'Clarity AI');
REPLACE INTO esg_management.company_esg_raw_data (id, metric_id, metric_name, metric_score, metric_year, company_id, company_name, pillar, provider_name) VALUES (73, 37, 'Conformance OECD MNE', 87, 2022, 4295885240, 'Ryman Healthcare Ltd', 'S', 'Clarity AI');
REPLACE INTO esg_management.company_esg_raw_data (id, metric_id, metric_name, metric_score, metric_year, company_id, company_name, pillar, provider_name) VALUES (74, 37, 'Conformance OECD MNE', 89, 2023, 4295885240, 'Ryman Healthcare Ltd', 'S', 'Clarity AI');
REPLACE INTO esg_management.company_esg_raw_data (id, metric_id, metric_name, metric_score, metric_year, company_id, company_name, pillar, provider_name) VALUES (75, 38, 'Conformance UN Guide', 94, 2022, 4295885240, 'Ryman Healthcare Ltd', 'S', 'Clarity AI');
REPLACE INTO esg_management.company_esg_raw_data (id, metric_id, metric_name, metric_score, metric_year, company_id, company_name, pillar, provider_name) VALUES (76, 38, 'Conformance UN Guide', 68, 2023, 4295885240, 'Ryman Healthcare Ltd', 'S', 'Clarity AI');
REPLACE INTO esg_management.company_esg_raw_data (id, metric_id, metric_name, metric_score, metric_year, company_id, company_name, pillar, provider_name) VALUES (77, 39, 'CSR Reporting GRI', 95, 2022, 4295885240, 'Ryman Healthcare Ltd', 'G', 'Clarity AI');
REPLACE INTO esg_management.company_esg_raw_data (id, metric_id, metric_name, metric_score, metric_year, company_id, company_name, pillar, provider_name) VALUES (78, 39, 'CSR Reporting GRI', 61, 2023, 4295885240, 'Ryman Healthcare Ltd', 'G', 'Clarity AI');
REPLACE INTO esg_management.company_esg_raw_data (id, metric_id, metric_name, metric_score, metric_year, company_id, company_name, pillar, provider_name) VALUES (79, 40, 'CSR Reporting External Audit', 66, 2022, 4295885240, 'Ryman Healthcare Ltd', 'G', 'Clarity AI');
REPLACE INTO esg_management.company_esg_raw_data (id, metric_id, metric_name, metric_score, metric_year, company_id, company_name, pillar, provider_name) VALUES (80, 40, 'CSR Reporting External Audit', 64, 2023, 4295885240, 'Ryman Healthcare Ltd', 'G', 'Clarity AI');
REPLACE INTO esg_management.company_esg_raw_data (id, metric_id, metric_name, metric_score, metric_year, company_id, company_name, pillar, provider_name) VALUES (81, 41, 'Day Care Services', 86, 2022, 4295885240, 'Ryman Healthcare Ltd', 'S', 'Clarity AI');
REPLACE INTO esg_management.company_esg_raw_data (id, metric_id, metric_name, metric_score, metric_year, company_id, company_name, pillar, provider_name) VALUES (82, 41, 'Day Care Services', 100, 2023, 4295885240, 'Ryman Healthcare Ltd', 'S', 'Clarity AI');
REPLACE INTO esg_management.company_esg_raw_data (id, metric_id, metric_name, metric_score, metric_year, company_id, company_name, pillar, provider_name) VALUES (83, 42, 'ECO Design Products', 96, 2022, 4295885240, 'Ryman Healthcare Ltd', 'E', 'Clarity AI');
REPLACE INTO esg_management.company_esg_raw_data (id, metric_id, metric_name, metric_score, metric_year, company_id, company_name, pillar, provider_name) VALUES (84, 42, 'ECO Design Products', 88, 2023, 4295885240, 'Ryman Healthcare Ltd', 'E', 'Clarity AI');
REPLACE INTO esg_management.company_esg_raw_data (id, metric_id, metric_name, metric_score, metric_year, company_id, company_name, pillar, provider_name) VALUES (85, 43, 'Electricity Purchased', 99, 2022, 4295885240, 'Ryman Healthcare Ltd', 'E', 'Clarity AI');
REPLACE INTO esg_management.company_esg_raw_data (id, metric_id, metric_name, metric_score, metric_year, company_id, company_name, pillar, provider_name) VALUES (86, 43, 'Electricity Purchased', 91, 2023, 4295885240, 'Ryman Healthcare Ltd', 'E', 'Clarity AI');
REPLACE INTO esg_management.company_esg_raw_data (id, metric_id, metric_name, metric_score, metric_year, company_id, company_name, pillar, provider_name) VALUES (87, 44, 'Elimination Cumulative Voting Rights', 90, 2022, 4295885240, 'Ryman Healthcare Ltd', 'G', 'Clarity AI');
REPLACE INTO esg_management.company_esg_raw_data (id, metric_id, metric_name, metric_score, metric_year, company_id, company_name, pillar, provider_name) VALUES (88, 44, 'Elimination Cumulative Voting Rights', 65, 2023, 4295885240, 'Ryman Healthcare Ltd', 'G', 'Clarity AI');
REPLACE INTO esg_management.company_esg_raw_data (id, metric_id, metric_name, metric_score, metric_year, company_id, company_name, pillar, provider_name) VALUES (89, 45, 'Employee Fatalities', 80, 2022, 4295885240, 'Ryman Healthcare Ltd', 'S', 'Clarity AI');
REPLACE INTO esg_management.company_esg_raw_data (id, metric_id, metric_name, metric_score, metric_year, company_id, company_name, pillar, provider_name) VALUES (90, 45, 'Employee Fatalities', 83, 2023, 4295885240, 'Ryman Healthcare Ltd', 'S', 'Clarity AI');
REPLACE INTO esg_management.company_esg_raw_data (id, metric_id, metric_name, metric_score, metric_year, company_id, company_name, pillar, provider_name) VALUES (91, 46, 'Employee Health Safety Policy', 66, 2022, 4295885240, 'Ryman Healthcare Ltd', 'S', 'Clarity AI');
REPLACE INTO esg_management.company_esg_raw_data (id, metric_id, metric_name, metric_score, metric_year, company_id, company_name, pillar, provider_name) VALUES (92, 46, 'Employee Health Safety Policy', 62, 2023, 4295885240, 'Ryman Healthcare Ltd', 'S', 'Clarity AI');
REPLACE INTO esg_management.company_esg_raw_data (id, metric_id, metric_name, metric_score, metric_year, company_id, company_name, pillar, provider_name) VALUES (93, 47, 'EMS Certified PCT', 87, 2022, 4295885240, 'Ryman Healthcare Ltd', 'E', 'Clarity AI');
REPLACE INTO esg_management.company_esg_raw_data (id, metric_id, metric_name, metric_score, metric_year, company_id, company_name, pillar, provider_name) VALUES (94, 47, 'EMS Certified PCT', 63, 2023, 4295885240, 'Ryman Healthcare Ltd', 'E', 'Clarity AI');
REPLACE INTO esg_management.company_esg_raw_data (id, metric_id, metric_name, metric_score, metric_year, company_id, company_name, pillar, provider_name) VALUES (95, 48, 'Energy Purchased Direct', 62, 2022, 4295885240, 'Ryman Healthcare Ltd', 'E', 'Clarity AI');
REPLACE INTO esg_management.company_esg_raw_data (id, metric_id, metric_name, metric_score, metric_year, company_id, company_name, pillar, provider_name) VALUES (96, 48, 'Energy Purchased Direct', 78, 2023, 4295885240, 'Ryman Healthcare Ltd', 'E', 'Clarity AI');
REPLACE INTO esg_management.company_esg_raw_data (id, metric_id, metric_name, metric_score, metric_year, company_id, company_name, pillar, provider_name) VALUES (97, 49, 'Energy Use Total', 83, 2022, 4295885240, 'Ryman Healthcare Ltd', 'E', 'Clarity AI');
REPLACE INTO esg_management.company_esg_raw_data (id, metric_id, metric_name, metric_score, metric_year, company_id, company_name, pillar, provider_name) VALUES (98, 49, 'Energy Use Total', 91, 2023, 4295885240, 'Ryman Healthcare Ltd', 'E', 'Clarity AI');
REPLACE INTO esg_management.company_esg_raw_data (id, metric_id, metric_name, metric_score, metric_year, company_id, company_name, pillar, provider_name) VALUES (99, 50, 'ENV Investments', 63, 2022, 4295885240, 'Ryman Healthcare Ltd', 'E', 'Clarity AI');
REPLACE INTO esg_management.company_esg_raw_data (id, metric_id, metric_name, metric_score, metric_year, company_id, company_name, pillar, provider_name) VALUES (100, 50, 'ENV Investments', 68, 2023, 4295885240, 'Ryman Healthcare Ltd', 'E', 'Clarity AI');
REPLACE INTO esg_management.company_esg_raw_data (id, metric_id, metric_name, metric_score, metric_year, company_id, company_name, pillar, provider_name) VALUES (101, 51, 'ENV Supply Chain MGT', 96, 2022, 4295885240, 'Ryman Healthcare Ltd', 'E', 'Clarity AI');
REPLACE INTO esg_management.company_esg_raw_data (id, metric_id, metric_name, metric_score, metric_year, company_id, company_name, pillar, provider_name) VALUES (102, 51, 'ENV Supply Chain MGT', 99, 2023, 4295885240, 'Ryman Healthcare Ltd', 'E', 'Clarity AI');
REPLACE INTO esg_management.company_esg_raw_data (id, metric_id, metric_name, metric_score, metric_year, company_id, company_name, pillar, provider_name) VALUES (103, 52, 'E Waste Reduction', 90, 2022, 4295885240, 'Ryman Healthcare Ltd', 'E', 'Clarity AI');
REPLACE INTO esg_management.company_esg_raw_data (id, metric_id, metric_name, metric_score, metric_year, company_id, company_name, pillar, provider_name) VALUES (104, 52, 'E Waste Reduction', 93, 2023, 4295885240, 'Ryman Healthcare Ltd', 'E', 'Clarity AI');
REPLACE INTO esg_management.company_esg_raw_data (id, metric_id, metric_name, metric_score, metric_year, company_id, company_name, pillar, provider_name) VALUES (105, 53, 'Gender Pay Gap Percentage', 73, 2022, 4295885240, 'Ryman Healthcare Ltd', 'S', 'Clarity AI');
REPLACE INTO esg_management.company_esg_raw_data (id, metric_id, metric_name, metric_score, metric_year, company_id, company_name, pillar, provider_name) VALUES (106, 53, 'Gender Pay Gap Percentage', 73, 2023, 4295885240, 'Ryman Healthcare Ltd', 'S', 'Clarity AI');
REPLACE INTO esg_management.company_esg_raw_data (id, metric_id, metric_name, metric_score, metric_year, company_id, company_name, pillar, provider_name) VALUES (107, 54, 'Global Compact', 67, 2022, 4295885240, 'Ryman Healthcare Ltd', 'G', 'Clarity AI');
REPLACE INTO esg_management.company_esg_raw_data (id, metric_id, metric_name, metric_score, metric_year, company_id, company_name, pillar, provider_name) VALUES (108, 54, 'Global Compact', 89, 2023, 4295885240, 'Ryman Healthcare Ltd', 'G', 'Clarity AI');
REPLACE INTO esg_management.company_esg_raw_data (id, metric_id, metric_name, metric_score, metric_year, company_id, company_name, pillar, provider_name) VALUES (109, 55, 'Grievance Reporting Process', 64, 2022, 4295885240, 'Ryman Healthcare Ltd', 'S', 'Clarity AI');
REPLACE INTO esg_management.company_esg_raw_data (id, metric_id, metric_name, metric_score, metric_year, company_id, company_name, pillar, provider_name) VALUES (110, 55, 'Grievance Reporting Process', 81, 2023, 4295885240, 'Ryman Healthcare Ltd', 'S', 'Clarity AI');
REPLACE INTO esg_management.company_esg_raw_data (id, metric_id, metric_name, metric_score, metric_year, company_id, company_name, pillar, provider_name) VALUES (111, 56, 'Hazardous Waste', 60, 2022, 4295885240, 'Ryman Healthcare Ltd', 'E', 'Clarity AI');
REPLACE INTO esg_management.company_esg_raw_data (id, metric_id, metric_name, metric_score, metric_year, company_id, company_name, pillar, provider_name) VALUES (112, 56, 'Hazardous Waste', 72, 2023, 4295885240, 'Ryman Healthcare Ltd', 'E', 'Clarity AI');
REPLACE INTO esg_management.company_esg_raw_data (id, metric_id, metric_name, metric_score, metric_year, company_id, company_name, pillar, provider_name) VALUES (113, 57, 'Human Rights Contractor', 94, 2022, 4295885240, 'Ryman Healthcare Ltd', 'S', 'Clarity AI');
REPLACE INTO esg_management.company_esg_raw_data (id, metric_id, metric_name, metric_score, metric_year, company_id, company_name, pillar, provider_name) VALUES (114, 57, 'Human Rights Contractor', 60, 2023, 4295885240, 'Ryman Healthcare Ltd', 'S', 'Clarity AI');
REPLACE INTO esg_management.company_esg_raw_data (id, metric_id, metric_name, metric_score, metric_year, company_id, company_name, pillar, provider_name) VALUES (115, 58, 'Human Rights Policy Due Diligence', 98, 2022, 4295885240, 'Ryman Healthcare Ltd', 'S', 'Clarity AI');
REPLACE INTO esg_management.company_esg_raw_data (id, metric_id, metric_name, metric_score, metric_year, company_id, company_name, pillar, provider_name) VALUES (116, 58, 'Human Rights Policy Due Diligence', 92, 2023, 4295885240, 'Ryman Healthcare Ltd', 'S', 'Clarity AI');
REPLACE INTO esg_management.company_esg_raw_data (id, metric_id, metric_name, metric_score, metric_year, company_id, company_name, pillar, provider_name) VALUES (117, 59, 'Human Rights Violation PAI', 97, 2022, 4295885240, 'Ryman Healthcare Ltd', 'S', 'Clarity AI');
REPLACE INTO esg_management.company_esg_raw_data (id, metric_id, metric_name, metric_score, metric_year, company_id, company_name, pillar, provider_name) VALUES (118, 59, 'Human Rights Violation PAI', 99, 2023, 4295885240, 'Ryman Healthcare Ltd', 'S', 'Clarity AI');
REPLACE INTO esg_management.company_esg_raw_data (id, metric_id, metric_name, metric_score, metric_year, company_id, company_name, pillar, provider_name) VALUES (119, 60, 'Improvement Tools Business Ethics', 82, 2022, 4295885240, 'Ryman Healthcare Ltd', 'S', 'Clarity AI');
REPLACE INTO esg_management.company_esg_raw_data (id, metric_id, metric_name, metric_score, metric_year, company_id, company_name, pillar, provider_name) VALUES (120, 60, 'Improvement Tools Business Ethics', 67, 2023, 4295885240, 'Ryman Healthcare Ltd', 'S', 'Clarity AI');
REPLACE INTO esg_management.company_esg_raw_data (id, metric_id, metric_name, metric_score, metric_year, company_id, company_name, pillar, provider_name) VALUES (121, 61, 'ISO14000', 61, 2022, 4295885240, 'Ryman Healthcare Ltd', 'S', 'Clarity AI');
REPLACE INTO esg_management.company_esg_raw_data (id, metric_id, metric_name, metric_score, metric_year, company_id, company_name, pillar, provider_name) VALUES (122, 61, 'ISO14000', 72, 2023, 4295885240, 'Ryman Healthcare Ltd', 'S', 'Clarity AI');
REPLACE INTO esg_management.company_esg_raw_data (id, metric_id, metric_name, metric_score, metric_year, company_id, company_name, pillar, provider_name) VALUES (123, 62, 'Labeled Wood', 78, 2022, 4295885240, 'Ryman Healthcare Ltd', 'E', 'Clarity AI');
REPLACE INTO esg_management.company_esg_raw_data (id, metric_id, metric_name, metric_score, metric_year, company_id, company_name, pillar, provider_name) VALUES (124, 62, 'Labeled Wood', 99, 2023, 4295885240, 'Ryman Healthcare Ltd', 'E', 'Clarity AI');
REPLACE INTO esg_management.company_esg_raw_data (id, metric_id, metric_name, metric_score, metric_year, company_id, company_name, pillar, provider_name) VALUES (125, 63, 'Lost Working Days', 74, 2022, 4295885240, 'Ryman Healthcare Ltd', 'S', 'Clarity AI');
REPLACE INTO esg_management.company_esg_raw_data (id, metric_id, metric_name, metric_score, metric_year, company_id, company_name, pillar, provider_name) VALUES (126, 63, 'Lost Working Days', 97, 2023, 4295885240, 'Ryman Healthcare Ltd', 'S', 'Clarity AI');
REPLACE INTO esg_management.company_esg_raw_data (id, metric_id, metric_name, metric_score, metric_year, company_id, company_name, pillar, provider_name) VALUES (127, 64, 'Natural Resource Use Direct', 75, 2022, 4295885240, 'Ryman Healthcare Ltd', 'E', 'Clarity AI');
REPLACE INTO esg_management.company_esg_raw_data (id, metric_id, metric_name, metric_score, metric_year, company_id, company_name, pillar, provider_name) VALUES (128, 64, 'Natural Resource Use Direct', 89, 2023, 4295885240, 'Ryman Healthcare Ltd', 'E', 'Clarity AI');
REPLACE INTO esg_management.company_esg_raw_data (id, metric_id, metric_name, metric_score, metric_year, company_id, company_name, pillar, provider_name) VALUES (129, 65, 'NOx Emissions', 88, 2022, 4295885240, 'Ryman Healthcare Ltd', 'E', 'Clarity AI');
REPLACE INTO esg_management.company_esg_raw_data (id, metric_id, metric_name, metric_score, metric_year, company_id, company_name, pillar, provider_name) VALUES (130, 65, 'NOx Emissions', 64, 2023, 4295885240, 'Ryman Healthcare Ltd', 'E', 'Clarity AI');
REPLACE INTO esg_management.company_esg_raw_data (id, metric_id, metric_name, metric_score, metric_year, company_id, company_name, pillar, provider_name) VALUES (131, 66, 'NOx SOx Emissions Reduction', 89, 2022, 4295885240, 'Ryman Healthcare Ltd', 'E', 'Clarity AI');
REPLACE INTO esg_management.company_esg_raw_data (id, metric_id, metric_name, metric_score, metric_year, company_id, company_name, pillar, provider_name) VALUES (132, 66, 'NOx SOx Emissions Reduction', 99, 2023, 4295885240, 'Ryman Healthcare Ltd', 'E', 'Clarity AI');
REPLACE INTO esg_management.company_esg_raw_data (id, metric_id, metric_name, metric_score, metric_year, company_id, company_name, pillar, provider_name) VALUES (133, 67, 'Organic Products Initiatives', 91, 2022, 4295885240, 'Ryman Healthcare Ltd', 'E', 'Clarity AI');
REPLACE INTO esg_management.company_esg_raw_data (id, metric_id, metric_name, metric_score, metric_year, company_id, company_name, pillar, provider_name) VALUES (134, 67, 'Organic Products Initiatives', 100, 2023, 4295885240, 'Ryman Healthcare Ltd', 'E', 'Clarity AI');
REPLACE INTO esg_management.company_esg_raw_data (id, metric_id, metric_name, metric_score, metric_year, company_id, company_name, pillar, provider_name) VALUES (135, 68, 'Particulate Matter Emissions', 94, 2022, 4295885240, 'Ryman Healthcare Ltd', 'E', 'Clarity AI');
REPLACE INTO esg_management.company_esg_raw_data (id, metric_id, metric_name, metric_score, metric_year, company_id, company_name, pillar, provider_name) VALUES (136, 68, 'Particulate Matter Emissions', 76, 2023, 4295885240, 'Ryman Healthcare Ltd', 'E', 'Clarity AI');
REPLACE INTO esg_management.company_esg_raw_data (id, metric_id, metric_name, metric_score, metric_year, company_id, company_name, pillar, provider_name) VALUES (137, 69, 'Policy Board Diversity', 99, 2022, 4295885240, 'Ryman Healthcare Ltd', 'S', 'Clarity AI');
REPLACE INTO esg_management.company_esg_raw_data (id, metric_id, metric_name, metric_score, metric_year, company_id, company_name, pillar, provider_name) VALUES (138, 69, 'Policy Board Diversity', 77, 2023, 4295885240, 'Ryman Healthcare Ltd', 'S', 'Clarity AI');
REPLACE INTO esg_management.company_esg_raw_data (id, metric_id, metric_name, metric_score, metric_year, company_id, company_name, pillar, provider_name) VALUES (139, 70, 'Policy Bribery and Corruption', 73, 2022, 4295885240, 'Ryman Healthcare Ltd', 'S', 'Clarity AI');
REPLACE INTO esg_management.company_esg_raw_data (id, metric_id, metric_name, metric_score, metric_year, company_id, company_name, pillar, provider_name) VALUES (140, 70, 'Policy Bribery and Corruption', 66, 2023, 4295885240, 'Ryman Healthcare Ltd', 'S', 'Clarity AI');
REPLACE INTO esg_management.company_esg_raw_data (id, metric_id, metric_name, metric_score, metric_year, company_id, company_name, pillar, provider_name) VALUES (141, 71, 'Policy Business Ethics', 88, 2022, 4295885240, 'Ryman Healthcare Ltd', 'S', 'Clarity AI');
REPLACE INTO esg_management.company_esg_raw_data (id, metric_id, metric_name, metric_score, metric_year, company_id, company_name, pillar, provider_name) VALUES (142, 71, 'Policy Business Ethics', 82, 2023, 4295885240, 'Ryman Healthcare Ltd', 'S', 'Clarity AI');
REPLACE INTO esg_management.company_esg_raw_data (id, metric_id, metric_name, metric_score, metric_year, company_id, company_name, pillar, provider_name) VALUES (143, 72, 'Policy Child Labor', 76, 2022, 4295885240, 'Ryman Healthcare Ltd', 'S', 'Clarity AI');
REPLACE INTO esg_management.company_esg_raw_data (id, metric_id, metric_name, metric_score, metric_year, company_id, company_name, pillar, provider_name) VALUES (144, 72, 'Policy Child Labor', 91, 2023, 4295885240, 'Ryman Healthcare Ltd', 'S', 'Clarity AI');
REPLACE INTO esg_management.company_esg_raw_data (id, metric_id, metric_name, metric_score, metric_year, company_id, company_name, pillar, provider_name) VALUES (145, 73, 'Policy Data Privacy', 89, 2022, 4295885240, 'Ryman Healthcare Ltd', 'S', 'Clarity AI');
REPLACE INTO esg_management.company_esg_raw_data (id, metric_id, metric_name, metric_score, metric_year, company_id, company_name, pillar, provider_name) VALUES (146, 73, 'Policy Data Privacy', 83, 2023, 4295885240, 'Ryman Healthcare Ltd', 'S', 'Clarity AI');
REPLACE INTO esg_management.company_esg_raw_data (id, metric_id, metric_name, metric_score, metric_year, company_id, company_name, pillar, provider_name) VALUES (147, 74, 'Policy Emissions', 63, 2022, 4295885240, 'Ryman Healthcare Ltd', 'E', 'Clarity AI');
REPLACE INTO esg_management.company_esg_raw_data (id, metric_id, metric_name, metric_score, metric_year, company_id, company_name, pillar, provider_name) VALUES (148, 74, 'Policy Emissions', 76, 2023, 4295885240, 'Ryman Healthcare Ltd', 'E', 'Clarity AI');
REPLACE INTO esg_management.company_esg_raw_data (id, metric_id, metric_name, metric_score, metric_year, company_id, company_name, pillar, provider_name) VALUES (149, 75, 'Policy Forced Labor', 63, 2022, 4295885240, 'Ryman Healthcare Ltd', 'S', 'Clarity AI');
REPLACE INTO esg_management.company_esg_raw_data (id, metric_id, metric_name, metric_score, metric_year, company_id, company_name, pillar, provider_name) VALUES (150, 75, 'Policy Forced Labor', 81, 2023, 4295885240, 'Ryman Healthcare Ltd', 'S', 'Clarity AI');
REPLACE INTO esg_management.company_esg_raw_data (id, metric_id, metric_name, metric_score, metric_year, company_id, company_name, pillar, provider_name) VALUES (151, 76, 'Policy Freedom of Association', 84, 2022, 4295885240, 'Ryman Healthcare Ltd', 'S', 'Clarity AI');
REPLACE INTO esg_management.company_esg_raw_data (id, metric_id, metric_name, metric_score, metric_year, company_id, company_name, pillar, provider_name) VALUES (152, 76, 'Policy Freedom of Association', 84, 2023, 4295885240, 'Ryman Healthcare Ltd', 'S', 'Clarity AI');
REPLACE INTO esg_management.company_esg_raw_data (id, metric_id, metric_name, metric_score, metric_year, company_id, company_name, pillar, provider_name) VALUES (153, 77, 'Policy Human Rights', 93, 2022, 4295885240, 'Ryman Healthcare Ltd', 'S', 'Clarity AI');
REPLACE INTO esg_management.company_esg_raw_data (id, metric_id, metric_name, metric_score, metric_year, company_id, company_name, pillar, provider_name) VALUES (154, 77, 'Policy Human Rights', 91, 2023, 4295885240, 'Ryman Healthcare Ltd', 'S', 'Clarity AI');
REPLACE INTO esg_management.company_esg_raw_data (id, metric_id, metric_name, metric_score, metric_year, company_id, company_name, pillar, provider_name) VALUES (155, 78, 'Policy Sustainable Packaging', 94, 2022, 4295885240, 'Ryman Healthcare Ltd', 'E', 'Clarity AI');
REPLACE INTO esg_management.company_esg_raw_data (id, metric_id, metric_name, metric_score, metric_year, company_id, company_name, pillar, provider_name) VALUES (156, 78, 'Policy Sustainable Packaging', 93, 2023, 4295885240, 'Ryman Healthcare Ltd', 'E', 'Clarity AI');
REPLACE INTO esg_management.company_esg_raw_data (id, metric_id, metric_name, metric_score, metric_year, company_id, company_name, pillar, provider_name) VALUES (157, 79, 'Policy Water Efficiency', 88, 2022, 4295885240, 'Ryman Healthcare Ltd', 'E', 'Clarity AI');
REPLACE INTO esg_management.company_esg_raw_data (id, metric_id, metric_name, metric_score, metric_year, company_id, company_name, pillar, provider_name) VALUES (158, 79, 'Policy Water Efficiency', 99, 2023, 4295885240, 'Ryman Healthcare Ltd', 'E', 'Clarity AI');
REPLACE INTO esg_management.company_esg_raw_data (id, metric_id, metric_name, metric_score, metric_year, company_id, company_name, pillar, provider_name) VALUES (159, 80, 'Renew Energy Consumed', 75, 2022, 4295885240, 'Ryman Healthcare Ltd', 'E', 'Clarity AI');
REPLACE INTO esg_management.company_esg_raw_data (id, metric_id, metric_name, metric_score, metric_year, company_id, company_name, pillar, provider_name) VALUES (160, 80, 'Renew Energy Consumed', 69, 2023, 4295885240, 'Ryman Healthcare Ltd', 'E', 'Clarity AI');
REPLACE INTO esg_management.company_esg_raw_data (id, metric_id, metric_name, metric_score, metric_year, company_id, company_name, pillar, provider_name) VALUES (161, 81, 'Renew Energy Produced', 85, 2022, 4295885240, 'Ryman Healthcare Ltd', 'E', 'Clarity AI');
REPLACE INTO esg_management.company_esg_raw_data (id, metric_id, metric_name, metric_score, metric_year, company_id, company_name, pillar, provider_name) VALUES (162, 81, 'Renew Energy Produced', 89, 2023, 4295885240, 'Ryman Healthcare Ltd', 'E', 'Clarity AI');
REPLACE INTO esg_management.company_esg_raw_data (id, metric_id, metric_name, metric_score, metric_year, company_id, company_name, pillar, provider_name) VALUES (163, 82, 'Renew Energy Purchased', 60, 2022, 4295885240, 'Ryman Healthcare Ltd', 'E', 'Clarity AI');
REPLACE INTO esg_management.company_esg_raw_data (id, metric_id, metric_name, metric_score, metric_year, company_id, company_name, pillar, provider_name) VALUES (164, 82, 'Renew Energy Purchased', 94, 2023, 4295885240, 'Ryman Healthcare Ltd', 'E', 'Clarity AI');
REPLACE INTO esg_management.company_esg_raw_data (id, metric_id, metric_name, metric_score, metric_year, company_id, company_name, pillar, provider_name) VALUES (165, 83, 'SOx Emissions', 64, 2022, 4295885240, 'Ryman Healthcare Ltd', 'E', 'Clarity AI');
REPLACE INTO esg_management.company_esg_raw_data (id, metric_id, metric_name, metric_score, metric_year, company_id, company_name, pillar, provider_name) VALUES (166, 83, 'SOx Emissions', 86, 2023, 4295885240, 'Ryman Healthcare Ltd', 'E', 'Clarity AI');
REPLACE INTO esg_management.company_esg_raw_data (id, metric_id, metric_name, metric_score, metric_year, company_id, company_name, pillar, provider_name) VALUES (167, 84, 'Supply Chains Policy', 93, 2022, 4295885240, 'Ryman Healthcare Ltd', 'S', 'Clarity AI');
REPLACE INTO esg_management.company_esg_raw_data (id, metric_id, metric_name, metric_score, metric_year, company_id, company_name, pillar, provider_name) VALUES (168, 84, 'Supply Chains Policy', 67, 2023, 4295885240, 'Ryman Healthcare Ltd', 'S', 'Clarity AI');
REPLACE INTO esg_management.company_esg_raw_data (id, metric_id, metric_name, metric_score, metric_year, company_id, company_name, pillar, provider_name) VALUES (169, 85, 'Sustainable Building Products', 96, 2022, 4295885240, 'Ryman Healthcare Ltd', 'E', 'Clarity AI');
REPLACE INTO esg_management.company_esg_raw_data (id, metric_id, metric_name, metric_score, metric_year, company_id, company_name, pillar, provider_name) VALUES (170, 85, 'Sustainable Building Products', 64, 2023, 4295885240, 'Ryman Healthcare Ltd', 'E', 'Clarity AI');
REPLACE INTO esg_management.company_esg_raw_data (id, metric_id, metric_name, metric_score, metric_year, company_id, company_name, pillar, provider_name) VALUES (171, 86, 'Take-back Recycling Initiatives', 62, 2022, 4295885240, 'Ryman Healthcare Ltd', 'E', 'Clarity AI');
REPLACE INTO esg_management.company_esg_raw_data (id, metric_id, metric_name, metric_score, metric_year, company_id, company_name, pillar, provider_name) VALUES (172, 86, 'Take-back Recycling Initiatives', 94, 2023, 4295885240, 'Ryman Healthcare Ltd', 'E', 'Clarity AI');
REPLACE INTO esg_management.company_esg_raw_data (id, metric_id, metric_name, metric_score, metric_year, company_id, company_name, pillar, provider_name) VALUES (173, 87, 'Targets Diversity Opportunity', 96, 2022, 4295885240, 'Ryman Healthcare Ltd', 'S', 'Clarity AI');
REPLACE INTO esg_management.company_esg_raw_data (id, metric_id, metric_name, metric_score, metric_year, company_id, company_name, pillar, provider_name) VALUES (174, 87, 'Targets Diversity Opportunity', 60, 2023, 4295885240, 'Ryman Healthcare Ltd', 'S', 'Clarity AI');
REPLACE INTO esg_management.company_esg_raw_data (id, metric_id, metric_name, metric_score, metric_year, company_id, company_name, pillar, provider_name) VALUES (175, 88, 'Targets Emissions', 62, 2022, 4295885240, 'Ryman Healthcare Ltd', 'E', 'Clarity AI');
REPLACE INTO esg_management.company_esg_raw_data (id, metric_id, metric_name, metric_score, metric_year, company_id, company_name, pillar, provider_name) VALUES (176, 88, 'Targets Emissions', 96, 2023, 4295885240, 'Ryman Healthcare Ltd', 'E', 'Clarity AI');
REPLACE INTO esg_management.company_esg_raw_data (id, metric_id, metric_name, metric_score, metric_year, company_id, company_name, pillar, provider_name) VALUES (177, 89, 'Targets Water Efficiency', 62, 2022, 4295885240, 'Ryman Healthcare Ltd', 'E', 'Clarity AI');
REPLACE INTO esg_management.company_esg_raw_data (id, metric_id, metric_name, metric_score, metric_year, company_id, company_name, pillar, provider_name) VALUES (178, 89, 'Targets Water Efficiency', 86, 2023, 4295885240, 'Ryman Healthcare Ltd', 'E', 'Clarity AI');
REPLACE INTO esg_management.company_esg_raw_data (id, metric_id, metric_name, metric_score, metric_year, company_id, company_name, pillar, provider_name) VALUES (179, 90, 'TIR Total', 79, 2022, 4295885240, 'Ryman Healthcare Ltd', 'S', 'Clarity AI');
REPLACE INTO esg_management.company_esg_raw_data (id, metric_id, metric_name, metric_score, metric_year, company_id, company_name, pillar, provider_name) VALUES (180, 90, 'TIR Total', 89, 2023, 4295885240, 'Ryman Healthcare Ltd', 'S', 'Clarity AI');
REPLACE INTO esg_management.company_esg_raw_data (id, metric_id, metric_name, metric_score, metric_year, company_id, company_name, pillar, provider_name) VALUES (181, 91, 'Toxic Chemicals Reduction', 71, 2022, 4295885240, 'Ryman Healthcare Ltd', 'E', 'Clarity AI');
REPLACE INTO esg_management.company_esg_raw_data (id, metric_id, metric_name, metric_score, metric_year, company_id, company_name, pillar, provider_name) VALUES (182, 91, 'Toxic Chemicals Reduction', 90, 2023, 4295885240, 'Ryman Healthcare Ltd', 'E', 'Clarity AI');
REPLACE INTO esg_management.company_esg_raw_data (id, metric_id, metric_name, metric_score, metric_year, company_id, company_name, pillar, provider_name) VALUES (183, 92, 'Trade Union Represented', 99, 2022, 4295885240, 'Ryman Healthcare Ltd', 'S', 'Clarity AI');
REPLACE INTO esg_management.company_esg_raw_data (id, metric_id, metric_name, metric_score, metric_year, company_id, company_name, pillar, provider_name) VALUES (184, 92, 'Trade Union Represented', 75, 2023, 4295885240, 'Ryman Healthcare Ltd', 'S', 'Clarity AI');
REPLACE INTO esg_management.company_esg_raw_data (id, metric_id, metric_name, metric_score, metric_year, company_id, company_name, pillar, provider_name) VALUES (185, 93, 'TR Analytic Renew Energy Use', 69, 2022, 4295885240, 'Ryman Healthcare Ltd', 'E', 'Clarity AI');
REPLACE INTO esg_management.company_esg_raw_data (id, metric_id, metric_name, metric_score, metric_year, company_id, company_name, pillar, provider_name) VALUES (186, 93, 'TR Analytic Renew Energy Use', 63, 2023, 4295885240, 'Ryman Healthcare Ltd', 'E', 'Clarity AI');
REPLACE INTO esg_management.company_esg_raw_data (id, metric_id, metric_name, metric_score, metric_year, company_id, company_name, pillar, provider_name) VALUES (187, 94, 'Turnover Employees', 91, 2022, 4295885240, 'Ryman Healthcare Ltd', 'S', 'Clarity AI');
REPLACE INTO esg_management.company_esg_raw_data (id, metric_id, metric_name, metric_score, metric_year, company_id, company_name, pillar, provider_name) VALUES (188, 94, 'Turnover Employees', 70, 2023, 4295885240, 'Ryman Healthcare Ltd', 'S', 'Clarity AI');
REPLACE INTO esg_management.company_esg_raw_data (id, metric_id, metric_name, metric_score, metric_year, company_id, company_name, pillar, provider_name) VALUES (189, 95, 'VOC Emissions', 77, 2022, 4295885240, 'Ryman Healthcare Ltd', 'E', 'Clarity AI');
REPLACE INTO esg_management.company_esg_raw_data (id, metric_id, metric_name, metric_score, metric_year, company_id, company_name, pillar, provider_name) VALUES (190, 95, 'VOC Emissions', 76, 2023, 4295885240, 'Ryman Healthcare Ltd', 'E', 'Clarity AI');
REPLACE INTO esg_management.company_esg_raw_data (id, metric_id, metric_name, metric_score, metric_year, company_id, company_name, pillar, provider_name) VALUES (191, 96, 'VOC Emissions Reduction', 64, 2022, 4295885240, 'Ryman Healthcare Ltd', 'E', 'Clarity AI');
REPLACE INTO esg_management.company_esg_raw_data (id, metric_id, metric_name, metric_score, metric_year, company_id, company_name, pillar, provider_name) VALUES (192, 96, 'VOC Emissions Reduction', 72, 2023, 4295885240, 'Ryman Healthcare Ltd', 'E', 'Clarity AI');
REPLACE INTO esg_management.company_esg_raw_data (id, metric_id, metric_name, metric_score, metric_year, company_id, company_name, pillar, provider_name) VALUES (193, 97, 'Waste Total', 72, 2022, 4295885240, 'Ryman Healthcare Ltd', 'E', 'Clarity AI');
REPLACE INTO esg_management.company_esg_raw_data (id, metric_id, metric_name, metric_score, metric_year, company_id, company_name, pillar, provider_name) VALUES (194, 97, 'Waste Total', 78, 2023, 4295885240, 'Ryman Healthcare Ltd', 'E', 'Clarity AI');
REPLACE INTO esg_management.company_esg_raw_data (id, metric_id, metric_name, metric_score, metric_year, company_id, company_name, pillar, provider_name) VALUES (195, 98, 'Waste Recycled', 71, 2022, 4295885240, 'Ryman Healthcare Ltd', 'E', 'Clarity AI');
REPLACE INTO esg_management.company_esg_raw_data (id, metric_id, metric_name, metric_score, metric_year, company_id, company_name, pillar, provider_name) VALUES (196, 98, 'Waste Recycled', 68, 2023, 4295885240, 'Ryman Healthcare Ltd', 'E', 'Clarity AI');
REPLACE INTO esg_management.company_esg_raw_data (id, metric_id, metric_name, metric_score, metric_year, company_id, company_name, pillar, provider_name) VALUES (197, 99, 'Waste Reduction Total', 75, 2022, 4295885240, 'Ryman Healthcare Ltd', 'E', 'Clarity AI');
REPLACE INTO esg_management.company_esg_raw_data (id, metric_id, metric_name, metric_score, metric_year, company_id, company_name, pillar, provider_name) VALUES (198, 99, 'Waste Reduction Total', 81, 2023, 4295885240, 'Ryman Healthcare Ltd', 'E', 'Clarity AI');
REPLACE INTO esg_management.company_esg_raw_data (id, metric_id, metric_name, metric_score, metric_year, company_id, company_name, pillar, provider_name) VALUES (199, 100, 'Water Withdrawal Total', 69, 2022, 4295885240, 'Ryman Healthcare Ltd', 'E', 'Clarity AI');
REPLACE INTO esg_management.company_esg_raw_data (id, metric_id, metric_name, metric_score, metric_year, company_id, company_name, pillar, provider_name) VALUES (200, 100, 'Water Withdrawal Total', 79, 2023, 4295885240, 'Ryman Healthcare Ltd', 'E', 'Clarity AI');
REPLACE INTO esg_management.company_esg_raw_data (id, metric_id, metric_name, metric_score, metric_year, company_id, company_name, pillar, provider_name) VALUES (201, 101, 'Water Technologies', 91, 2022, 4295885240, 'Ryman Healthcare Ltd', 'E', 'Clarity AI');
REPLACE INTO esg_management.company_esg_raw_data (id, metric_id, metric_name, metric_score, metric_year, company_id, company_name, pillar, provider_name) VALUES (202, 101, 'Water Technologies', 92, 2023, 4295885240, 'Ryman Healthcare Ltd', 'E', 'Clarity AI');
REPLACE INTO esg_management.company_esg_raw_data (id, metric_id, metric_name, metric_score, metric_year, company_id, company_name, pillar, provider_name) VALUES (203, 102, 'Water Use PAI M10', 69, 2022, 4295885240, 'Ryman Healthcare Ltd', 'E', 'Clarity AI');
REPLACE INTO esg_management.company_esg_raw_data (id, metric_id, metric_name, metric_score, metric_year, company_id, company_name, pillar, provider_name) VALUES (204, 102, 'Water Use PAI M10', 60, 2023, 4295885240, 'Ryman Healthcare Ltd', 'E', 'Clarity AI');
REPLACE INTO esg_management.company_esg_raw_data (id, metric_id, metric_name, metric_score, metric_year, company_id, company_name, pillar, provider_name) VALUES (205, 103, 'Whistleblower Protection', 83, 2022, 4295885240, 'Ryman Healthcare Ltd', 'S', 'Clarity AI');
REPLACE INTO esg_management.company_esg_raw_data (id, metric_id, metric_name, metric_score, metric_year, company_id, company_name, pillar, provider_name) VALUES (206, 103, 'Whistleblower Protection', 92, 2023, 4295885240, 'Ryman Healthcare Ltd', 'S', 'Clarity AI');
REPLACE INTO esg_management.company_esg_raw_data (id, metric_id, metric_name, metric_score, metric_year, company_id, company_name, pillar, provider_name) VALUES (207, 104, 'Women Employees', 60, 2022, 4295885240, 'Ryman Healthcare Ltd', 'S', 'Clarity AI');
REPLACE INTO esg_management.company_esg_raw_data (id, metric_id, metric_name, metric_score, metric_year, company_id, company_name, pillar, provider_name) VALUES (208, 104, 'Women Employees', 69, 2023, 4295885240, 'Ryman Healthcare Ltd', 'S', 'Clarity AI');
REPLACE INTO esg_management.company_esg_raw_data (id, metric_id, metric_name, metric_score, metric_year, company_id, company_name, pillar, provider_name) VALUES (209, 105, 'Women Managers', 72, 2022, 4295885240, 'Ryman Healthcare Ltd', 'S', 'Clarity AI');
REPLACE INTO esg_management.company_esg_raw_data (id, metric_id, metric_name, metric_score, metric_year, company_id, company_name, pillar, provider_name) VALUES (210, 105, 'Women Managers', 77, 2023, 4295885240, 'Ryman Healthcare Ltd', 'S', 'Clarity AI');
REPLACE INTO esg_management.company_esg_raw_data (id, metric_id, metric_name, metric_score, metric_year, company_id, company_name, pillar, provider_name) VALUES (211, 1, 'Air Pollutants Direct', 97, 2022, 5000464409, 'AES Tiete Energia SA', 'E', 'Clarity AI');
REPLACE INTO esg_management.company_esg_raw_data (id, metric_id, metric_name, metric_score, metric_year, company_id, company_name, pillar, provider_name) VALUES (212, 1, 'Air Pollutants Direct', 87, 2023, 5000464409, 'AES Tiete Energia SA', 'E', 'Clarity AI');
REPLACE INTO esg_management.company_esg_raw_data (id, metric_id, metric_name, metric_score, metric_year, company_id, company_name, pillar, provider_name) VALUES (213, 2, 'Air Pollutants Indirect', 81, 2022, 5000464409, 'AES Tiete Energia SA', 'E', 'Clarity AI');
REPLACE INTO esg_management.company_esg_raw_data (id, metric_id, metric_name, metric_score, metric_year, company_id, company_name, pillar, provider_name) VALUES (214, 2, 'Air Pollutants Indirect', 82, 2023, 5000464409, 'AES Tiete Energia SA', 'E', 'Clarity AI');
REPLACE INTO esg_management.company_esg_raw_data (id, metric_id, metric_name, metric_score, metric_year, company_id, company_name, pillar, provider_name) VALUES (215, 3, 'Analytic Audit Committee Independence', 83, 2022, 5000464409, 'AES Tiete Energia SA', 'G', 'Clarity AI');
REPLACE INTO esg_management.company_esg_raw_data (id, metric_id, metric_name, metric_score, metric_year, company_id, company_name, pillar, provider_name) VALUES (216, 3, 'Analytic Audit Committee Independence', 83, 2023, 5000464409, 'AES Tiete Energia SA', 'G', 'Clarity AI');
REPLACE INTO esg_management.company_esg_raw_data (id, metric_id, metric_name, metric_score, metric_year, company_id, company_name, pillar, provider_name) VALUES (217, 4, 'Analytic Board Female', 94, 2022, 5000464409, 'AES Tiete Energia SA', 'G', 'Clarity AI');
REPLACE INTO esg_management.company_esg_raw_data (id, metric_id, metric_name, metric_score, metric_year, company_id, company_name, pillar, provider_name) VALUES (218, 4, 'Analytic Board Female', 99, 2023, 5000464409, 'AES Tiete Energia SA', 'G', 'Clarity AI');
REPLACE INTO esg_management.company_esg_raw_data (id, metric_id, metric_name, metric_score, metric_year, company_id, company_name, pillar, provider_name) VALUES (219, 5, 'Analytic CEO Chairman Separation', 98, 2022, 5000464409, 'AES Tiete Energia SA', 'G', 'Clarity AI');
REPLACE INTO esg_management.company_esg_raw_data (id, metric_id, metric_name, metric_score, metric_year, company_id, company_name, pillar, provider_name) VALUES (220, 5, 'Analytic CEO Chairman Separation', 87, 2023, 5000464409, 'AES Tiete Energia SA', 'G', 'Clarity AI');
REPLACE INTO esg_management.company_esg_raw_data (id, metric_id, metric_name, metric_score, metric_year, company_id, company_name, pillar, provider_name) VALUES (221, 6, 'Analytic Compensation Committee Independence', 88, 2022, 5000464409, 'AES Tiete Energia SA', 'G', 'Clarity AI');
REPLACE INTO esg_management.company_esg_raw_data (id, metric_id, metric_name, metric_score, metric_year, company_id, company_name, pillar, provider_name) VALUES (222, 6, 'Analytic Compensation Committee Independence', 93, 2023, 5000464409, 'AES Tiete Energia SA', 'G', 'Clarity AI');
REPLACE INTO esg_management.company_esg_raw_data (id, metric_id, metric_name, metric_score, metric_year, company_id, company_name, pillar, provider_name) VALUES (223, 7, 'Analytic CSR Compensation Incentives', 98, 2022, 5000464409, 'AES Tiete Energia SA', 'G', 'Clarity AI');
REPLACE INTO esg_management.company_esg_raw_data (id, metric_id, metric_name, metric_score, metric_year, company_id, company_name, pillar, provider_name) VALUES (224, 7, 'Analytic CSR Compensation Incentives', 87, 2023, 5000464409, 'AES Tiete Energia SA', 'G', 'Clarity AI');
REPLACE INTO esg_management.company_esg_raw_data (id, metric_id, metric_name, metric_score, metric_year, company_id, company_name, pillar, provider_name) VALUES (225, 8, 'Analytic Employment Creation', 82, 2022, 5000464409, 'AES Tiete Energia SA', 'G', 'Clarity AI');
REPLACE INTO esg_management.company_esg_raw_data (id, metric_id, metric_name, metric_score, metric_year, company_id, company_name, pillar, provider_name) VALUES (226, 8, 'Analytic Employment Creation', 94, 2023, 5000464409, 'AES Tiete Energia SA', 'G', 'Clarity AI');
REPLACE INTO esg_management.company_esg_raw_data (id, metric_id, metric_name, metric_score, metric_year, company_id, company_name, pillar, provider_name) VALUES (227, 9, 'Analytic Estimated CO2 Total', 89, 2022, 5000464409, 'AES Tiete Energia SA', 'E', 'Clarity AI');
REPLACE INTO esg_management.company_esg_raw_data (id, metric_id, metric_name, metric_score, metric_year, company_id, company_name, pillar, provider_name) VALUES (228, 9, 'Analytic Estimated CO2 Total', 82, 2023, 5000464409, 'AES Tiete Energia SA', 'E', 'Clarity AI');
REPLACE INTO esg_management.company_esg_raw_data (id, metric_id, metric_name, metric_score, metric_year, company_id, company_name, pillar, provider_name) VALUES (229, 10, 'Analytic Independent Board', 84, 2022, 5000464409, 'AES Tiete Energia SA', 'G', 'Clarity AI');
REPLACE INTO esg_management.company_esg_raw_data (id, metric_id, metric_name, metric_score, metric_year, company_id, company_name, pillar, provider_name) VALUES (230, 10, 'Analytic Independent Board', 99, 2023, 5000464409, 'AES Tiete Energia SA', 'G', 'Clarity AI');
REPLACE INTO esg_management.company_esg_raw_data (id, metric_id, metric_name, metric_score, metric_year, company_id, company_name, pillar, provider_name) VALUES (231, 11, 'Analytic Nomination Committee Independence', 98, 2022, 5000464409, 'AES Tiete Energia SA', 'G', 'Clarity AI');
REPLACE INTO esg_management.company_esg_raw_data (id, metric_id, metric_name, metric_score, metric_year, company_id, company_name, pillar, provider_name) VALUES (232, 11, 'Analytic Nomination Committee Independence', 88, 2023, 5000464409, 'AES Tiete Energia SA', 'G', 'Clarity AI');
REPLACE INTO esg_management.company_esg_raw_data (id, metric_id, metric_name, metric_score, metric_year, company_id, company_name, pillar, provider_name) VALUES (233, 12, 'Analytic Non-audit Audit Fees Ratio', 88, 2022, 5000464409, 'AES Tiete Energia SA', 'G', 'Clarity AI');
REPLACE INTO esg_management.company_esg_raw_data (id, metric_id, metric_name, metric_score, metric_year, company_id, company_name, pillar, provider_name) VALUES (234, 12, 'Analytic Non-audit Audit Fees Ratio', 91, 2023, 5000464409, 'AES Tiete Energia SA', 'G', 'Clarity AI');
REPLACE INTO esg_management.company_esg_raw_data (id, metric_id, metric_name, metric_score, metric_year, company_id, company_name, pillar, provider_name) VALUES (235, 13, 'Analytic Non-executive Board', 80, 2022, 5000464409, 'AES Tiete Energia SA', 'G', 'Clarity AI');
REPLACE INTO esg_management.company_esg_raw_data (id, metric_id, metric_name, metric_score, metric_year, company_id, company_name, pillar, provider_name) VALUES (236, 13, 'Analytic Non-executive Board', 96, 2023, 5000464409, 'AES Tiete Energia SA', 'G', 'Clarity AI');
REPLACE INTO esg_management.company_esg_raw_data (id, metric_id, metric_name, metric_score, metric_year, company_id, company_name, pillar, provider_name) VALUES (237, 14, 'Analytic QMS', 84, 2022, 5000464409, 'AES Tiete Energia SA', 'G', 'Clarity AI');
REPLACE INTO esg_management.company_esg_raw_data (id, metric_id, metric_name, metric_score, metric_year, company_id, company_name, pillar, provider_name) VALUES (238, 14, 'Analytic QMS', 92, 2023, 5000464409, 'AES Tiete Energia SA', 'G', 'Clarity AI');
REPLACE INTO esg_management.company_esg_raw_data (id, metric_id, metric_name, metric_score, metric_year, company_id, company_name, pillar, provider_name) VALUES (239, 15, 'Analytic Total Donations', 86, 2022, 5000464409, 'AES Tiete Energia SA', 'S', 'Clarity AI');
REPLACE INTO esg_management.company_esg_raw_data (id, metric_id, metric_name, metric_score, metric_year, company_id, company_name, pillar, provider_name) VALUES (240, 15, 'Analytic Total Donations', 88, 2023, 5000464409, 'AES Tiete Energia SA', 'S', 'Clarity AI');
REPLACE INTO esg_management.company_esg_raw_data (id, metric_id, metric_name, metric_score, metric_year, company_id, company_name, pillar, provider_name) VALUES (241, 16, 'Analytic Waste Recycling Ratio', 96, 2022, 5000464409, 'AES Tiete Energia SA', 'E', 'Clarity AI');
REPLACE INTO esg_management.company_esg_raw_data (id, metric_id, metric_name, metric_score, metric_year, company_id, company_name, pillar, provider_name) VALUES (242, 16, 'Analytic Waste Recycling Ratio', 100, 2023, 5000464409, 'AES Tiete Energia SA', 'E', 'Clarity AI');
REPLACE INTO esg_management.company_esg_raw_data (id, metric_id, metric_name, metric_score, metric_year, company_id, company_name, pillar, provider_name) VALUES (243, 17, 'Analytic Anti-takeover Devices', 87, 2022, 5000464409, 'AES Tiete Energia SA', 'G', 'Clarity AI');
REPLACE INTO esg_management.company_esg_raw_data (id, metric_id, metric_name, metric_score, metric_year, company_id, company_name, pillar, provider_name) VALUES (244, 17, 'Analytic Anti-takeover Devices', 100, 2023, 5000464409, 'AES Tiete Energia SA', 'G', 'Clarity AI');
REPLACE INTO esg_management.company_esg_raw_data (id, metric_id, metric_name, metric_score, metric_year, company_id, company_name, pillar, provider_name) VALUES (245, 18, 'Analytic Audit Committee Expertise', 80, 2022, 5000464409, 'AES Tiete Energia SA', 'G', 'Clarity AI');
REPLACE INTO esg_management.company_esg_raw_data (id, metric_id, metric_name, metric_score, metric_year, company_id, company_name, pillar, provider_name) VALUES (246, 18, 'Analytic Audit Committee Expertise', 82, 2023, 5000464409, 'AES Tiete Energia SA', 'G', 'Clarity AI');
REPLACE INTO esg_management.company_esg_raw_data (id, metric_id, metric_name, metric_score, metric_year, company_id, company_name, pillar, provider_name) VALUES (247, 19, 'Analytic Voting Rights', 95, 2022, 5000464409, 'AES Tiete Energia SA', 'G', 'Clarity AI');
REPLACE INTO esg_management.company_esg_raw_data (id, metric_id, metric_name, metric_score, metric_year, company_id, company_name, pillar, provider_name) VALUES (248, 19, 'Analytic Voting Rights', 86, 2023, 5000464409, 'AES Tiete Energia SA', 'G', 'Clarity AI');
REPLACE INTO esg_management.company_esg_raw_data (id, metric_id, metric_name, metric_score, metric_year, company_id, company_name, pillar, provider_name) VALUES (249, 20, 'Animal Testing Reduction', 94, 2022, 5000464409, 'AES Tiete Energia SA', 'S', 'Clarity AI');
REPLACE INTO esg_management.company_esg_raw_data (id, metric_id, metric_name, metric_score, metric_year, company_id, company_name, pillar, provider_name) VALUES (250, 20, 'Animal Testing Reduction', 100, 2023, 5000464409, 'AES Tiete Energia SA', 'S', 'Clarity AI');
REPLACE INTO esg_management.company_esg_raw_data (id, metric_id, metric_name, metric_score, metric_year, company_id, company_name, pillar, provider_name) VALUES (251, 21, 'Annual Median Compensation', 89, 2022, 5000464409, 'AES Tiete Energia SA', 'G', 'Clarity AI');
REPLACE INTO esg_management.company_esg_raw_data (id, metric_id, metric_name, metric_score, metric_year, company_id, company_name, pillar, provider_name) VALUES (252, 21, 'Annual Median Compensation', 98, 2023, 5000464409, 'AES Tiete Energia SA', 'G', 'Clarity AI');
REPLACE INTO esg_management.company_esg_raw_data (id, metric_id, metric_name, metric_score, metric_year, company_id, company_name, pillar, provider_name) VALUES (253, 22, 'Audit Committee Non-executive Members', 96, 2022, 5000464409, 'AES Tiete Energia SA', 'G', 'Clarity AI');
REPLACE INTO esg_management.company_esg_raw_data (id, metric_id, metric_name, metric_score, metric_year, company_id, company_name, pillar, provider_name) VALUES (254, 22, 'Audit Committee Non-executive Members', 83, 2023, 5000464409, 'AES Tiete Energia SA', 'G', 'Clarity AI');
REPLACE INTO esg_management.company_esg_raw_data (id, metric_id, metric_name, metric_score, metric_year, company_id, company_name, pillar, provider_name) VALUES (255, 23, 'AVG Training Hours', 95, 2022, 5000464409, 'AES Tiete Energia SA', 'G', 'Clarity AI');
REPLACE INTO esg_management.company_esg_raw_data (id, metric_id, metric_name, metric_score, metric_year, company_id, company_name, pillar, provider_name) VALUES (256, 23, 'AVG Training Hours', 94, 2023, 5000464409, 'AES Tiete Energia SA', 'G', 'Clarity AI');
REPLACE INTO esg_management.company_esg_raw_data (id, metric_id, metric_name, metric_score, metric_year, company_id, company_name, pillar, provider_name) VALUES (257, 24, 'Biodiversity Impact Reduction', 85, 2022, 5000464409, 'AES Tiete Energia SA', 'E', 'Clarity AI');
REPLACE INTO esg_management.company_esg_raw_data (id, metric_id, metric_name, metric_score, metric_year, company_id, company_name, pillar, provider_name) VALUES (258, 24, 'Biodiversity Impact Reduction', 86, 2023, 5000464409, 'AES Tiete Energia SA', 'E', 'Clarity AI');
REPLACE INTO esg_management.company_esg_raw_data (id, metric_id, metric_name, metric_score, metric_year, company_id, company_name, pillar, provider_name) VALUES (259, 25, 'Board Meeting Attendance AVG', 98, 2022, 5000464409, 'AES Tiete Energia SA', 'G', 'Clarity AI');
REPLACE INTO esg_management.company_esg_raw_data (id, metric_id, metric_name, metric_score, metric_year, company_id, company_name, pillar, provider_name) VALUES (260, 25, 'Board Meeting Attendance AVG', 90, 2023, 5000464409, 'AES Tiete Energia SA', 'G', 'Clarity AI');
REPLACE INTO esg_management.company_esg_raw_data (id, metric_id, metric_name, metric_score, metric_year, company_id, company_name, pillar, provider_name) VALUES (261, 26, 'Bribery and Corruption PAI Insufficient Actions', 82, 2022, 5000464409, 'AES Tiete Energia SA', 'G', 'Clarity AI');
REPLACE INTO esg_management.company_esg_raw_data (id, metric_id, metric_name, metric_score, metric_year, company_id, company_name, pillar, provider_name) VALUES (262, 26, 'Bribery and Corruption PAI Insufficient Actions', 88, 2023, 5000464409, 'AES Tiete Energia SA', 'G', 'Clarity AI');
REPLACE INTO esg_management.company_esg_raw_data (id, metric_id, metric_name, metric_score, metric_year, company_id, company_name, pillar, provider_name) VALUES (263, 27, 'Call Meetings Limited Rights', 91, 2022, 5000464409, 'AES Tiete Energia SA', 'G', 'Clarity AI');
REPLACE INTO esg_management.company_esg_raw_data (id, metric_id, metric_name, metric_score, metric_year, company_id, company_name, pillar, provider_name) VALUES (264, 27, 'Call Meetings Limited Rights', 99, 2023, 5000464409, 'AES Tiete Energia SA', 'G', 'Clarity AI');
REPLACE INTO esg_management.company_esg_raw_data (id, metric_id, metric_name, metric_score, metric_year, company_id, company_name, pillar, provider_name) VALUES (265, 28, 'CEO Annual Compensation', 97, 2022, 5000464409, 'AES Tiete Energia SA', 'G', 'Clarity AI');
REPLACE INTO esg_management.company_esg_raw_data (id, metric_id, metric_name, metric_score, metric_year, company_id, company_name, pillar, provider_name) VALUES (266, 28, 'CEO Annual Compensation', 86, 2023, 5000464409, 'AES Tiete Energia SA', 'G', 'Clarity AI');
REPLACE INTO esg_management.company_esg_raw_data (id, metric_id, metric_name, metric_score, metric_year, company_id, company_name, pillar, provider_name) VALUES (267, 29, 'CEO Pay Ratio Median', 85, 2022, 5000464409, 'AES Tiete Energia SA', 'G', 'Clarity AI');
REPLACE INTO esg_management.company_esg_raw_data (id, metric_id, metric_name, metric_score, metric_year, company_id, company_name, pillar, provider_name) VALUES (268, 29, 'CEO Pay Ratio Median', 97, 2023, 5000464409, 'AES Tiete Energia SA', 'G', 'Clarity AI');
REPLACE INTO esg_management.company_esg_raw_data (id, metric_id, metric_name, metric_score, metric_year, company_id, company_name, pillar, provider_name) VALUES (269, 30, 'Climate Change Risks Opportunities', 100, 2022, 5000464409, 'AES Tiete Energia SA', 'E', 'Clarity AI');
REPLACE INTO esg_management.company_esg_raw_data (id, metric_id, metric_name, metric_score, metric_year, company_id, company_name, pillar, provider_name) VALUES (270, 30, 'Climate Change Risks Opportunities', 98, 2023, 5000464409, 'AES Tiete Energia SA', 'E', 'Clarity AI');
REPLACE INTO esg_management.company_esg_raw_data (id, metric_id, metric_name, metric_score, metric_year, company_id, company_name, pillar, provider_name) VALUES (271, 31, 'CO2 Direct Scope 1', 95, 2022, 5000464409, 'AES Tiete Energia SA', 'E', 'Clarity AI');
REPLACE INTO esg_management.company_esg_raw_data (id, metric_id, metric_name, metric_score, metric_year, company_id, company_name, pillar, provider_name) VALUES (272, 31, 'CO2 Direct Scope 1', 90, 2023, 5000464409, 'AES Tiete Energia SA', 'E', 'Clarity AI');
REPLACE INTO esg_management.company_esg_raw_data (id, metric_id, metric_name, metric_score, metric_year, company_id, company_name, pillar, provider_name) VALUES (273, 32, 'CO2 Indirect Scope 2', 88, 2022, 5000464409, 'AES Tiete Energia SA', 'E', 'Clarity AI');
REPLACE INTO esg_management.company_esg_raw_data (id, metric_id, metric_name, metric_score, metric_year, company_id, company_name, pillar, provider_name) VALUES (274, 32, 'CO2 Indirect Scope 2', 97, 2023, 5000464409, 'AES Tiete Energia SA', 'E', 'Clarity AI');
REPLACE INTO esg_management.company_esg_raw_data (id, metric_id, metric_name, metric_score, metric_year, company_id, company_name, pillar, provider_name) VALUES (275, 33, 'CO2 Indirect Scope 3', 81, 2022, 5000464409, 'AES Tiete Energia SA', 'E', 'Clarity AI');
REPLACE INTO esg_management.company_esg_raw_data (id, metric_id, metric_name, metric_score, metric_year, company_id, company_name, pillar, provider_name) VALUES (276, 33, 'CO2 Indirect Scope 3', 84, 2023, 5000464409, 'AES Tiete Energia SA', 'E', 'Clarity AI');
REPLACE INTO esg_management.company_esg_raw_data (id, metric_id, metric_name, metric_score, metric_year, company_id, company_name, pillar, provider_name) VALUES (277, 34, 'CO2 No Equivalents', 88, 2022, 5000464409, 'AES Tiete Energia SA', 'E', 'Clarity AI');
REPLACE INTO esg_management.company_esg_raw_data (id, metric_id, metric_name, metric_score, metric_year, company_id, company_name, pillar, provider_name) VALUES (278, 34, 'CO2 No Equivalents', 80, 2023, 5000464409, 'AES Tiete Energia SA', 'E', 'Clarity AI');
REPLACE INTO esg_management.company_esg_raw_data (id, metric_id, metric_name, metric_score, metric_year, company_id, company_name, pillar, provider_name) VALUES (279, 35, 'Committee Meetings Attendance AVG', 93, 2022, 5000464409, 'AES Tiete Energia SA', 'G', 'Clarity AI');
REPLACE INTO esg_management.company_esg_raw_data (id, metric_id, metric_name, metric_score, metric_year, company_id, company_name, pillar, provider_name) VALUES (280, 35, 'Committee Meetings Attendance AVG', 93, 2023, 5000464409, 'AES Tiete Energia SA', 'G', 'Clarity AI');
REPLACE INTO esg_management.company_esg_raw_data (id, metric_id, metric_name, metric_score, metric_year, company_id, company_name, pillar, provider_name) VALUES (281, 36, 'Compensation Committee Non-executive Members', 81, 2022, 5000464409, 'AES Tiete Energia SA', 'G', 'Clarity AI');
REPLACE INTO esg_management.company_esg_raw_data (id, metric_id, metric_name, metric_score, metric_year, company_id, company_name, pillar, provider_name) VALUES (282, 36, 'Compensation Committee Non-executive Members', 88, 2023, 5000464409, 'AES Tiete Energia SA', 'G', 'Clarity AI');
REPLACE INTO esg_management.company_esg_raw_data (id, metric_id, metric_name, metric_score, metric_year, company_id, company_name, pillar, provider_name) VALUES (283, 37, 'Conformance OECD MNE', 81, 2022, 5000464409, 'AES Tiete Energia SA', 'S', 'Clarity AI');
REPLACE INTO esg_management.company_esg_raw_data (id, metric_id, metric_name, metric_score, metric_year, company_id, company_name, pillar, provider_name) VALUES (284, 37, 'Conformance OECD MNE', 83, 2023, 5000464409, 'AES Tiete Energia SA', 'S', 'Clarity AI');
REPLACE INTO esg_management.company_esg_raw_data (id, metric_id, metric_name, metric_score, metric_year, company_id, company_name, pillar, provider_name) VALUES (285, 38, 'Conformance UN Guide', 100, 2022, 5000464409, 'AES Tiete Energia SA', 'S', 'Clarity AI');
REPLACE INTO esg_management.company_esg_raw_data (id, metric_id, metric_name, metric_score, metric_year, company_id, company_name, pillar, provider_name) VALUES (286, 38, 'Conformance UN Guide', 100, 2023, 5000464409, 'AES Tiete Energia SA', 'S', 'Clarity AI');
REPLACE INTO esg_management.company_esg_raw_data (id, metric_id, metric_name, metric_score, metric_year, company_id, company_name, pillar, provider_name) VALUES (287, 39, 'CSR Reporting GRI', 99, 2022, 5000464409, 'AES Tiete Energia SA', 'G', 'Clarity AI');
REPLACE INTO esg_management.company_esg_raw_data (id, metric_id, metric_name, metric_score, metric_year, company_id, company_name, pillar, provider_name) VALUES (288, 39, 'CSR Reporting GRI', 82, 2023, 5000464409, 'AES Tiete Energia SA', 'G', 'Clarity AI');
REPLACE INTO esg_management.company_esg_raw_data (id, metric_id, metric_name, metric_score, metric_year, company_id, company_name, pillar, provider_name) VALUES (289, 40, 'CSR Reporting External Audit', 87, 2022, 5000464409, 'AES Tiete Energia SA', 'G', 'Clarity AI');
REPLACE INTO esg_management.company_esg_raw_data (id, metric_id, metric_name, metric_score, metric_year, company_id, company_name, pillar, provider_name) VALUES (290, 40, 'CSR Reporting External Audit', 84, 2023, 5000464409, 'AES Tiete Energia SA', 'G', 'Clarity AI');
REPLACE INTO esg_management.company_esg_raw_data (id, metric_id, metric_name, metric_score, metric_year, company_id, company_name, pillar, provider_name) VALUES (291, 41, 'Day Care Services', 100, 2022, 5000464409, 'AES Tiete Energia SA', 'S', 'Clarity AI');
REPLACE INTO esg_management.company_esg_raw_data (id, metric_id, metric_name, metric_score, metric_year, company_id, company_name, pillar, provider_name) VALUES (292, 41, 'Day Care Services', 92, 2023, 5000464409, 'AES Tiete Energia SA', 'S', 'Clarity AI');
REPLACE INTO esg_management.company_esg_raw_data (id, metric_id, metric_name, metric_score, metric_year, company_id, company_name, pillar, provider_name) VALUES (293, 42, 'ECO Design Products', 82, 2022, 5000464409, 'AES Tiete Energia SA', 'E', 'Clarity AI');
REPLACE INTO esg_management.company_esg_raw_data (id, metric_id, metric_name, metric_score, metric_year, company_id, company_name, pillar, provider_name) VALUES (294, 42, 'ECO Design Products', 91, 2023, 5000464409, 'AES Tiete Energia SA', 'E', 'Clarity AI');
REPLACE INTO esg_management.company_esg_raw_data (id, metric_id, metric_name, metric_score, metric_year, company_id, company_name, pillar, provider_name) VALUES (295, 43, 'Electricity Purchased', 88, 2022, 5000464409, 'AES Tiete Energia SA', 'E', 'Clarity AI');
REPLACE INTO esg_management.company_esg_raw_data (id, metric_id, metric_name, metric_score, metric_year, company_id, company_name, pillar, provider_name) VALUES (296, 43, 'Electricity Purchased', 95, 2023, 5000464409, 'AES Tiete Energia SA', 'E', 'Clarity AI');
REPLACE INTO esg_management.company_esg_raw_data (id, metric_id, metric_name, metric_score, metric_year, company_id, company_name, pillar, provider_name) VALUES (297, 44, 'Elimination Cumulative Voting Rights', 82, 2022, 5000464409, 'AES Tiete Energia SA', 'G', 'Clarity AI');
REPLACE INTO esg_management.company_esg_raw_data (id, metric_id, metric_name, metric_score, metric_year, company_id, company_name, pillar, provider_name) VALUES (298, 44, 'Elimination Cumulative Voting Rights', 98, 2023, 5000464409, 'AES Tiete Energia SA', 'G', 'Clarity AI');
REPLACE INTO esg_management.company_esg_raw_data (id, metric_id, metric_name, metric_score, metric_year, company_id, company_name, pillar, provider_name) VALUES (299, 45, 'Employee Fatalities', 90, 2022, 5000464409, 'AES Tiete Energia SA', 'S', 'Clarity AI');
REPLACE INTO esg_management.company_esg_raw_data (id, metric_id, metric_name, metric_score, metric_year, company_id, company_name, pillar, provider_name) VALUES (300, 45, 'Employee Fatalities', 87, 2023, 5000464409, 'AES Tiete Energia SA', 'S', 'Clarity AI');
REPLACE INTO esg_management.company_esg_raw_data (id, metric_id, metric_name, metric_score, metric_year, company_id, company_name, pillar, provider_name) VALUES (301, 46, 'Employee Health Safety Policy', 90, 2022, 5000464409, 'AES Tiete Energia SA', 'S', 'Clarity AI');
REPLACE INTO esg_management.company_esg_raw_data (id, metric_id, metric_name, metric_score, metric_year, company_id, company_name, pillar, provider_name) VALUES (302, 46, 'Employee Health Safety Policy', 97, 2023, 5000464409, 'AES Tiete Energia SA', 'S', 'Clarity AI');
REPLACE INTO esg_management.company_esg_raw_data (id, metric_id, metric_name, metric_score, metric_year, company_id, company_name, pillar, provider_name) VALUES (303, 47, 'EMS Certified PCT', 88, 2022, 5000464409, 'AES Tiete Energia SA', 'E', 'Clarity AI');
REPLACE INTO esg_management.company_esg_raw_data (id, metric_id, metric_name, metric_score, metric_year, company_id, company_name, pillar, provider_name) VALUES (304, 47, 'EMS Certified PCT', 99, 2023, 5000464409, 'AES Tiete Energia SA', 'E', 'Clarity AI');
REPLACE INTO esg_management.company_esg_raw_data (id, metric_id, metric_name, metric_score, metric_year, company_id, company_name, pillar, provider_name) VALUES (305, 48, 'Energy Purchased Direct', 98, 2022, 5000464409, 'AES Tiete Energia SA', 'E', 'Clarity AI');
REPLACE INTO esg_management.company_esg_raw_data (id, metric_id, metric_name, metric_score, metric_year, company_id, company_name, pillar, provider_name) VALUES (306, 48, 'Energy Purchased Direct', 92, 2023, 5000464409, 'AES Tiete Energia SA', 'E', 'Clarity AI');
REPLACE INTO esg_management.company_esg_raw_data (id, metric_id, metric_name, metric_score, metric_year, company_id, company_name, pillar, provider_name) VALUES (307, 49, 'Energy Use Total', 89, 2022, 5000464409, 'AES Tiete Energia SA', 'E', 'Clarity AI');
REPLACE INTO esg_management.company_esg_raw_data (id, metric_id, metric_name, metric_score, metric_year, company_id, company_name, pillar, provider_name) VALUES (308, 49, 'Energy Use Total', 91, 2023, 5000464409, 'AES Tiete Energia SA', 'E', 'Clarity AI');
REPLACE INTO esg_management.company_esg_raw_data (id, metric_id, metric_name, metric_score, metric_year, company_id, company_name, pillar, provider_name) VALUES (309, 50, 'ENV Investments', 84, 2022, 5000464409, 'AES Tiete Energia SA', 'E', 'Clarity AI');
REPLACE INTO esg_management.company_esg_raw_data (id, metric_id, metric_name, metric_score, metric_year, company_id, company_name, pillar, provider_name) VALUES (310, 50, 'ENV Investments', 84, 2023, 5000464409, 'AES Tiete Energia SA', 'E', 'Clarity AI');
REPLACE INTO esg_management.company_esg_raw_data (id, metric_id, metric_name, metric_score, metric_year, company_id, company_name, pillar, provider_name) VALUES (311, 51, 'ENV Supply Chain MGT', 95, 2022, 5000464409, 'AES Tiete Energia SA', 'E', 'Clarity AI');
REPLACE INTO esg_management.company_esg_raw_data (id, metric_id, metric_name, metric_score, metric_year, company_id, company_name, pillar, provider_name) VALUES (312, 51, 'ENV Supply Chain MGT', 99, 2023, 5000464409, 'AES Tiete Energia SA', 'E', 'Clarity AI');
REPLACE INTO esg_management.company_esg_raw_data (id, metric_id, metric_name, metric_score, metric_year, company_id, company_name, pillar, provider_name) VALUES (313, 52, 'E Waste Reduction', 99, 2022, 5000464409, 'AES Tiete Energia SA', 'E', 'Clarity AI');
REPLACE INTO esg_management.company_esg_raw_data (id, metric_id, metric_name, metric_score, metric_year, company_id, company_name, pillar, provider_name) VALUES (314, 52, 'E Waste Reduction', 83, 2023, 5000464409, 'AES Tiete Energia SA', 'E', 'Clarity AI');
REPLACE INTO esg_management.company_esg_raw_data (id, metric_id, metric_name, metric_score, metric_year, company_id, company_name, pillar, provider_name) VALUES (315, 53, 'Gender Pay Gap Percentage', 83, 2022, 5000464409, 'AES Tiete Energia SA', 'S', 'Clarity AI');
REPLACE INTO esg_management.company_esg_raw_data (id, metric_id, metric_name, metric_score, metric_year, company_id, company_name, pillar, provider_name) VALUES (316, 53, 'Gender Pay Gap Percentage', 80, 2023, 5000464409, 'AES Tiete Energia SA', 'S', 'Clarity AI');
REPLACE INTO esg_management.company_esg_raw_data (id, metric_id, metric_name, metric_score, metric_year, company_id, company_name, pillar, provider_name) VALUES (317, 54, 'Global Compact', 88, 2022, 5000464409, 'AES Tiete Energia SA', 'G', 'Clarity AI');
REPLACE INTO esg_management.company_esg_raw_data (id, metric_id, metric_name, metric_score, metric_year, company_id, company_name, pillar, provider_name) VALUES (318, 54, 'Global Compact', 93, 2023, 5000464409, 'AES Tiete Energia SA', 'G', 'Clarity AI');
REPLACE INTO esg_management.company_esg_raw_data (id, metric_id, metric_name, metric_score, metric_year, company_id, company_name, pillar, provider_name) VALUES (319, 55, 'Grievance Reporting Process', 83, 2022, 5000464409, 'AES Tiete Energia SA', 'S', 'Clarity AI');
REPLACE INTO esg_management.company_esg_raw_data (id, metric_id, metric_name, metric_score, metric_year, company_id, company_name, pillar, provider_name) VALUES (320, 55, 'Grievance Reporting Process', 97, 2023, 5000464409, 'AES Tiete Energia SA', 'S', 'Clarity AI');
REPLACE INTO esg_management.company_esg_raw_data (id, metric_id, metric_name, metric_score, metric_year, company_id, company_name, pillar, provider_name) VALUES (321, 56, 'Hazardous Waste', 92, 2022, 5000464409, 'AES Tiete Energia SA', 'E', 'Clarity AI');
REPLACE INTO esg_management.company_esg_raw_data (id, metric_id, metric_name, metric_score, metric_year, company_id, company_name, pillar, provider_name) VALUES (322, 56, 'Hazardous Waste', 100, 2023, 5000464409, 'AES Tiete Energia SA', 'E', 'Clarity AI');
REPLACE INTO esg_management.company_esg_raw_data (id, metric_id, metric_name, metric_score, metric_year, company_id, company_name, pillar, provider_name) VALUES (323, 57, 'Human Rights Contractor', 88, 2022, 5000464409, 'AES Tiete Energia SA', 'S', 'Clarity AI');
REPLACE INTO esg_management.company_esg_raw_data (id, metric_id, metric_name, metric_score, metric_year, company_id, company_name, pillar, provider_name) VALUES (324, 57, 'Human Rights Contractor', 85, 2023, 5000464409, 'AES Tiete Energia SA', 'S', 'Clarity AI');
REPLACE INTO esg_management.company_esg_raw_data (id, metric_id, metric_name, metric_score, metric_year, company_id, company_name, pillar, provider_name) VALUES (325, 58, 'Human Rights Policy Due Diligence', 93, 2022, 5000464409, 'AES Tiete Energia SA', 'S', 'Clarity AI');
REPLACE INTO esg_management.company_esg_raw_data (id, metric_id, metric_name, metric_score, metric_year, company_id, company_name, pillar, provider_name) VALUES (326, 58, 'Human Rights Policy Due Diligence', 83, 2023, 5000464409, 'AES Tiete Energia SA', 'S', 'Clarity AI');
REPLACE INTO esg_management.company_esg_raw_data (id, metric_id, metric_name, metric_score, metric_year, company_id, company_name, pillar, provider_name) VALUES (327, 59, 'Human Rights Violation PAI', 97, 2022, 5000464409, 'AES Tiete Energia SA', 'S', 'Clarity AI');
REPLACE INTO esg_management.company_esg_raw_data (id, metric_id, metric_name, metric_score, metric_year, company_id, company_name, pillar, provider_name) VALUES (328, 59, 'Human Rights Violation PAI', 95, 2023, 5000464409, 'AES Tiete Energia SA', 'S', 'Clarity AI');
REPLACE INTO esg_management.company_esg_raw_data (id, metric_id, metric_name, metric_score, metric_year, company_id, company_name, pillar, provider_name) VALUES (329, 60, 'Improvement Tools Business Ethics', 94, 2022, 5000464409, 'AES Tiete Energia SA', 'S', 'Clarity AI');
REPLACE INTO esg_management.company_esg_raw_data (id, metric_id, metric_name, metric_score, metric_year, company_id, company_name, pillar, provider_name) VALUES (330, 60, 'Improvement Tools Business Ethics', 99, 2023, 5000464409, 'AES Tiete Energia SA', 'S', 'Clarity AI');
REPLACE INTO esg_management.company_esg_raw_data (id, metric_id, metric_name, metric_score, metric_year, company_id, company_name, pillar, provider_name) VALUES (331, 61, 'ISO14000', 94, 2022, 5000464409, 'AES Tiete Energia SA', 'S', 'Clarity AI');
REPLACE INTO esg_management.company_esg_raw_data (id, metric_id, metric_name, metric_score, metric_year, company_id, company_name, pillar, provider_name) VALUES (332, 61, 'ISO14000', 93, 2023, 5000464409, 'AES Tiete Energia SA', 'S', 'Clarity AI');
REPLACE INTO esg_management.company_esg_raw_data (id, metric_id, metric_name, metric_score, metric_year, company_id, company_name, pillar, provider_name) VALUES (333, 62, 'Labeled Wood', 99, 2022, 5000464409, 'AES Tiete Energia SA', 'E', 'Clarity AI');
REPLACE INTO esg_management.company_esg_raw_data (id, metric_id, metric_name, metric_score, metric_year, company_id, company_name, pillar, provider_name) VALUES (334, 62, 'Labeled Wood', 90, 2023, 5000464409, 'AES Tiete Energia SA', 'E', 'Clarity AI');
REPLACE INTO esg_management.company_esg_raw_data (id, metric_id, metric_name, metric_score, metric_year, company_id, company_name, pillar, provider_name) VALUES (335, 63, 'Lost Working Days', 85, 2022, 5000464409, 'AES Tiete Energia SA', 'S', 'Clarity AI');
REPLACE INTO esg_management.company_esg_raw_data (id, metric_id, metric_name, metric_score, metric_year, company_id, company_name, pillar, provider_name) VALUES (336, 63, 'Lost Working Days', 94, 2023, 5000464409, 'AES Tiete Energia SA', 'S', 'Clarity AI');
REPLACE INTO esg_management.company_esg_raw_data (id, metric_id, metric_name, metric_score, metric_year, company_id, company_name, pillar, provider_name) VALUES (337, 64, 'Natural Resource Use Direct', 86, 2022, 5000464409, 'AES Tiete Energia SA', 'E', 'Clarity AI');
REPLACE INTO esg_management.company_esg_raw_data (id, metric_id, metric_name, metric_score, metric_year, company_id, company_name, pillar, provider_name) VALUES (338, 64, 'Natural Resource Use Direct', 80, 2023, 5000464409, 'AES Tiete Energia SA', 'E', 'Clarity AI');
REPLACE INTO esg_management.company_esg_raw_data (id, metric_id, metric_name, metric_score, metric_year, company_id, company_name, pillar, provider_name) VALUES (339, 65, 'NOx Emissions', 99, 2022, 5000464409, 'AES Tiete Energia SA', 'E', 'Clarity AI');
REPLACE INTO esg_management.company_esg_raw_data (id, metric_id, metric_name, metric_score, metric_year, company_id, company_name, pillar, provider_name) VALUES (340, 65, 'NOx Emissions', 97, 2023, 5000464409, 'AES Tiete Energia SA', 'E', 'Clarity AI');
REPLACE INTO esg_management.company_esg_raw_data (id, metric_id, metric_name, metric_score, metric_year, company_id, company_name, pillar, provider_name) VALUES (341, 66, 'NOx SOx Emissions Reduction', 84, 2022, 5000464409, 'AES Tiete Energia SA', 'E', 'Clarity AI');
REPLACE INTO esg_management.company_esg_raw_data (id, metric_id, metric_name, metric_score, metric_year, company_id, company_name, pillar, provider_name) VALUES (342, 66, 'NOx SOx Emissions Reduction', 81, 2023, 5000464409, 'AES Tiete Energia SA', 'E', 'Clarity AI');
REPLACE INTO esg_management.company_esg_raw_data (id, metric_id, metric_name, metric_score, metric_year, company_id, company_name, pillar, provider_name) VALUES (343, 67, 'Organic Products Initiatives', 95, 2022, 5000464409, 'AES Tiete Energia SA', 'E', 'Clarity AI');
REPLACE INTO esg_management.company_esg_raw_data (id, metric_id, metric_name, metric_score, metric_year, company_id, company_name, pillar, provider_name) VALUES (344, 67, 'Organic Products Initiatives', 89, 2023, 5000464409, 'AES Tiete Energia SA', 'E', 'Clarity AI');
REPLACE INTO esg_management.company_esg_raw_data (id, metric_id, metric_name, metric_score, metric_year, company_id, company_name, pillar, provider_name) VALUES (345, 68, 'Particulate Matter Emissions', 90, 2022, 5000464409, 'AES Tiete Energia SA', 'E', 'Clarity AI');
REPLACE INTO esg_management.company_esg_raw_data (id, metric_id, metric_name, metric_score, metric_year, company_id, company_name, pillar, provider_name) VALUES (346, 68, 'Particulate Matter Emissions', 99, 2023, 5000464409, 'AES Tiete Energia SA', 'E', 'Clarity AI');
REPLACE INTO esg_management.company_esg_raw_data (id, metric_id, metric_name, metric_score, metric_year, company_id, company_name, pillar, provider_name) VALUES (347, 69, 'Policy Board Diversity', 82, 2022, 5000464409, 'AES Tiete Energia SA', 'S', 'Clarity AI');
REPLACE INTO esg_management.company_esg_raw_data (id, metric_id, metric_name, metric_score, metric_year, company_id, company_name, pillar, provider_name) VALUES (348, 69, 'Policy Board Diversity', 83, 2023, 5000464409, 'AES Tiete Energia SA', 'S', 'Clarity AI');
REPLACE INTO esg_management.company_esg_raw_data (id, metric_id, metric_name, metric_score, metric_year, company_id, company_name, pillar, provider_name) VALUES (349, 70, 'Policy Bribery and Corruption', 83, 2022, 5000464409, 'AES Tiete Energia SA', 'S', 'Clarity AI');
REPLACE INTO esg_management.company_esg_raw_data (id, metric_id, metric_name, metric_score, metric_year, company_id, company_name, pillar, provider_name) VALUES (350, 70, 'Policy Bribery and Corruption', 80, 2023, 5000464409, 'AES Tiete Energia SA', 'S', 'Clarity AI');
REPLACE INTO esg_management.company_esg_raw_data (id, metric_id, metric_name, metric_score, metric_year, company_id, company_name, pillar, provider_name) VALUES (351, 71, 'Policy Business Ethics', 91, 2022, 5000464409, 'AES Tiete Energia SA', 'S', 'Clarity AI');
REPLACE INTO esg_management.company_esg_raw_data (id, metric_id, metric_name, metric_score, metric_year, company_id, company_name, pillar, provider_name) VALUES (352, 71, 'Policy Business Ethics', 87, 2023, 5000464409, 'AES Tiete Energia SA', 'S', 'Clarity AI');
REPLACE INTO esg_management.company_esg_raw_data (id, metric_id, metric_name, metric_score, metric_year, company_id, company_name, pillar, provider_name) VALUES (353, 72, 'Policy Child Labor', 85, 2022, 5000464409, 'AES Tiete Energia SA', 'S', 'Clarity AI');
REPLACE INTO esg_management.company_esg_raw_data (id, metric_id, metric_name, metric_score, metric_year, company_id, company_name, pillar, provider_name) VALUES (354, 72, 'Policy Child Labor', 97, 2023, 5000464409, 'AES Tiete Energia SA', 'S', 'Clarity AI');
REPLACE INTO esg_management.company_esg_raw_data (id, metric_id, metric_name, metric_score, metric_year, company_id, company_name, pillar, provider_name) VALUES (355, 73, 'Policy Data Privacy', 94, 2022, 5000464409, 'AES Tiete Energia SA', 'S', 'Clarity AI');
REPLACE INTO esg_management.company_esg_raw_data (id, metric_id, metric_name, metric_score, metric_year, company_id, company_name, pillar, provider_name) VALUES (356, 73, 'Policy Data Privacy', 90, 2023, 5000464409, 'AES Tiete Energia SA', 'S', 'Clarity AI');
REPLACE INTO esg_management.company_esg_raw_data (id, metric_id, metric_name, metric_score, metric_year, company_id, company_name, pillar, provider_name) VALUES (357, 74, 'Policy Emissions', 89, 2022, 5000464409, 'AES Tiete Energia SA', 'E', 'Clarity AI');
REPLACE INTO esg_management.company_esg_raw_data (id, metric_id, metric_name, metric_score, metric_year, company_id, company_name, pillar, provider_name) VALUES (358, 74, 'Policy Emissions', 93, 2023, 5000464409, 'AES Tiete Energia SA', 'E', 'Clarity AI');
REPLACE INTO esg_management.company_esg_raw_data (id, metric_id, metric_name, metric_score, metric_year, company_id, company_name, pillar, provider_name) VALUES (359, 75, 'Policy Forced Labor', 92, 2022, 5000464409, 'AES Tiete Energia SA', 'S', 'Clarity AI');
REPLACE INTO esg_management.company_esg_raw_data (id, metric_id, metric_name, metric_score, metric_year, company_id, company_name, pillar, provider_name) VALUES (360, 75, 'Policy Forced Labor', 94, 2023, 5000464409, 'AES Tiete Energia SA', 'S', 'Clarity AI');
REPLACE INTO esg_management.company_esg_raw_data (id, metric_id, metric_name, metric_score, metric_year, company_id, company_name, pillar, provider_name) VALUES (361, 76, 'Policy Freedom of Association', 82, 2022, 5000464409, 'AES Tiete Energia SA', 'S', 'Clarity AI');
REPLACE INTO esg_management.company_esg_raw_data (id, metric_id, metric_name, metric_score, metric_year, company_id, company_name, pillar, provider_name) VALUES (362, 76, 'Policy Freedom of Association', 90, 2023, 5000464409, 'AES Tiete Energia SA', 'S', 'Clarity AI');
REPLACE INTO esg_management.company_esg_raw_data (id, metric_id, metric_name, metric_score, metric_year, company_id, company_name, pillar, provider_name) VALUES (363, 77, 'Policy Human Rights', 83, 2022, 5000464409, 'AES Tiete Energia SA', 'S', 'Clarity AI');
REPLACE INTO esg_management.company_esg_raw_data (id, metric_id, metric_name, metric_score, metric_year, company_id, company_name, pillar, provider_name) VALUES (364, 77, 'Policy Human Rights', 80, 2023, 5000464409, 'AES Tiete Energia SA', 'S', 'Clarity AI');
REPLACE INTO esg_management.company_esg_raw_data (id, metric_id, metric_name, metric_score, metric_year, company_id, company_name, pillar, provider_name) VALUES (365, 78, 'Policy Sustainable Packaging', 82, 2022, 5000464409, 'AES Tiete Energia SA', 'E', 'Clarity AI');
REPLACE INTO esg_management.company_esg_raw_data (id, metric_id, metric_name, metric_score, metric_year, company_id, company_name, pillar, provider_name) VALUES (366, 78, 'Policy Sustainable Packaging', 87, 2023, 5000464409, 'AES Tiete Energia SA', 'E', 'Clarity AI');
REPLACE INTO esg_management.company_esg_raw_data (id, metric_id, metric_name, metric_score, metric_year, company_id, company_name, pillar, provider_name) VALUES (367, 79, 'Policy Water Efficiency', 94, 2022, 5000464409, 'AES Tiete Energia SA', 'E', 'Clarity AI');
REPLACE INTO esg_management.company_esg_raw_data (id, metric_id, metric_name, metric_score, metric_year, company_id, company_name, pillar, provider_name) VALUES (368, 79, 'Policy Water Efficiency', 94, 2023, 5000464409, 'AES Tiete Energia SA', 'E', 'Clarity AI');
REPLACE INTO esg_management.company_esg_raw_data (id, metric_id, metric_name, metric_score, metric_year, company_id, company_name, pillar, provider_name) VALUES (369, 80, 'Renew Energy Consumed', 91, 2022, 5000464409, 'AES Tiete Energia SA', 'E', 'Clarity AI');
REPLACE INTO esg_management.company_esg_raw_data (id, metric_id, metric_name, metric_score, metric_year, company_id, company_name, pillar, provider_name) VALUES (370, 80, 'Renew Energy Consumed', 93, 2023, 5000464409, 'AES Tiete Energia SA', 'E', 'Clarity AI');
REPLACE INTO esg_management.company_esg_raw_data (id, metric_id, metric_name, metric_score, metric_year, company_id, company_name, pillar, provider_name) VALUES (371, 81, 'Renew Energy Produced', 97, 2022, 5000464409, 'AES Tiete Energia SA', 'E', 'Clarity AI');
REPLACE INTO esg_management.company_esg_raw_data (id, metric_id, metric_name, metric_score, metric_year, company_id, company_name, pillar, provider_name) VALUES (372, 81, 'Renew Energy Produced', 94, 2023, 5000464409, 'AES Tiete Energia SA', 'E', 'Clarity AI');
REPLACE INTO esg_management.company_esg_raw_data (id, metric_id, metric_name, metric_score, metric_year, company_id, company_name, pillar, provider_name) VALUES (373, 82, 'Renew Energy Purchased', 94, 2022, 5000464409, 'AES Tiete Energia SA', 'E', 'Clarity AI');
REPLACE INTO esg_management.company_esg_raw_data (id, metric_id, metric_name, metric_score, metric_year, company_id, company_name, pillar, provider_name) VALUES (374, 82, 'Renew Energy Purchased', 99, 2023, 5000464409, 'AES Tiete Energia SA', 'E', 'Clarity AI');
REPLACE INTO esg_management.company_esg_raw_data (id, metric_id, metric_name, metric_score, metric_year, company_id, company_name, pillar, provider_name) VALUES (375, 83, 'SOx Emissions', 89, 2022, 5000464409, 'AES Tiete Energia SA', 'E', 'Clarity AI');
REPLACE INTO esg_management.company_esg_raw_data (id, metric_id, metric_name, metric_score, metric_year, company_id, company_name, pillar, provider_name) VALUES (376, 83, 'SOx Emissions', 94, 2023, 5000464409, 'AES Tiete Energia SA', 'E', 'Clarity AI');
REPLACE INTO esg_management.company_esg_raw_data (id, metric_id, metric_name, metric_score, metric_year, company_id, company_name, pillar, provider_name) VALUES (377, 84, 'Supply Chains Policy', 81, 2022, 5000464409, 'AES Tiete Energia SA', 'S', 'Clarity AI');
REPLACE INTO esg_management.company_esg_raw_data (id, metric_id, metric_name, metric_score, metric_year, company_id, company_name, pillar, provider_name) VALUES (378, 84, 'Supply Chains Policy', 99, 2023, 5000464409, 'AES Tiete Energia SA', 'S', 'Clarity AI');
REPLACE INTO esg_management.company_esg_raw_data (id, metric_id, metric_name, metric_score, metric_year, company_id, company_name, pillar, provider_name) VALUES (379, 85, 'Sustainable Building Products', 92, 2022, 5000464409, 'AES Tiete Energia SA', 'E', 'Clarity AI');
REPLACE INTO esg_management.company_esg_raw_data (id, metric_id, metric_name, metric_score, metric_year, company_id, company_name, pillar, provider_name) VALUES (380, 85, 'Sustainable Building Products', 90, 2023, 5000464409, 'AES Tiete Energia SA', 'E', 'Clarity AI');
REPLACE INTO esg_management.company_esg_raw_data (id, metric_id, metric_name, metric_score, metric_year, company_id, company_name, pillar, provider_name) VALUES (381, 86, 'Take-back Recycling Initiatives', 87, 2022, 5000464409, 'AES Tiete Energia SA', 'E', 'Clarity AI');
REPLACE INTO esg_management.company_esg_raw_data (id, metric_id, metric_name, metric_score, metric_year, company_id, company_name, pillar, provider_name) VALUES (382, 86, 'Take-back Recycling Initiatives', 90, 2023, 5000464409, 'AES Tiete Energia SA', 'E', 'Clarity AI');
REPLACE INTO esg_management.company_esg_raw_data (id, metric_id, metric_name, metric_score, metric_year, company_id, company_name, pillar, provider_name) VALUES (383, 87, 'Targets Diversity Opportunity', 89, 2022, 5000464409, 'AES Tiete Energia SA', 'S', 'Clarity AI');
REPLACE INTO esg_management.company_esg_raw_data (id, metric_id, metric_name, metric_score, metric_year, company_id, company_name, pillar, provider_name) VALUES (384, 87, 'Targets Diversity Opportunity', 93, 2023, 5000464409, 'AES Tiete Energia SA', 'S', 'Clarity AI');
REPLACE INTO esg_management.company_esg_raw_data (id, metric_id, metric_name, metric_score, metric_year, company_id, company_name, pillar, provider_name) VALUES (385, 88, 'Targets Emissions', 93, 2022, 5000464409, 'AES Tiete Energia SA', 'E', 'Clarity AI');
REPLACE INTO esg_management.company_esg_raw_data (id, metric_id, metric_name, metric_score, metric_year, company_id, company_name, pillar, provider_name) VALUES (386, 88, 'Targets Emissions', 97, 2023, 5000464409, 'AES Tiete Energia SA', 'E', 'Clarity AI');
REPLACE INTO esg_management.company_esg_raw_data (id, metric_id, metric_name, metric_score, metric_year, company_id, company_name, pillar, provider_name) VALUES (387, 89, 'Targets Water Efficiency', 98, 2022, 5000464409, 'AES Tiete Energia SA', 'E', 'Clarity AI');
REPLACE INTO esg_management.company_esg_raw_data (id, metric_id, metric_name, metric_score, metric_year, company_id, company_name, pillar, provider_name) VALUES (388, 89, 'Targets Water Efficiency', 91, 2023, 5000464409, 'AES Tiete Energia SA', 'E', 'Clarity AI');
REPLACE INTO esg_management.company_esg_raw_data (id, metric_id, metric_name, metric_score, metric_year, company_id, company_name, pillar, provider_name) VALUES (389, 90, 'TIR Total', 89, 2022, 5000464409, 'AES Tiete Energia SA', 'S', 'Clarity AI');
REPLACE INTO esg_management.company_esg_raw_data (id, metric_id, metric_name, metric_score, metric_year, company_id, company_name, pillar, provider_name) VALUES (390, 90, 'TIR Total', 91, 2023, 5000464409, 'AES Tiete Energia SA', 'S', 'Clarity AI');
REPLACE INTO esg_management.company_esg_raw_data (id, metric_id, metric_name, metric_score, metric_year, company_id, company_name, pillar, provider_name) VALUES (391, 91, 'Toxic Chemicals Reduction', 94, 2022, 5000464409, 'AES Tiete Energia SA', 'E', 'Clarity AI');
REPLACE INTO esg_management.company_esg_raw_data (id, metric_id, metric_name, metric_score, metric_year, company_id, company_name, pillar, provider_name) VALUES (392, 91, 'Toxic Chemicals Reduction', 95, 2023, 5000464409, 'AES Tiete Energia SA', 'E', 'Clarity AI');
REPLACE INTO esg_management.company_esg_raw_data (id, metric_id, metric_name, metric_score, metric_year, company_id, company_name, pillar, provider_name) VALUES (393, 92, 'Trade Union Represented', 97, 2022, 5000464409, 'AES Tiete Energia SA', 'S', 'Clarity AI');
REPLACE INTO esg_management.company_esg_raw_data (id, metric_id, metric_name, metric_score, metric_year, company_id, company_name, pillar, provider_name) VALUES (394, 92, 'Trade Union Represented', 96, 2023, 5000464409, 'AES Tiete Energia SA', 'S', 'Clarity AI');
REPLACE INTO esg_management.company_esg_raw_data (id, metric_id, metric_name, metric_score, metric_year, company_id, company_name, pillar, provider_name) VALUES (395, 93, 'TR Analytic Renew Energy Use', 87, 2022, 5000464409, 'AES Tiete Energia SA', 'E', 'Clarity AI');
REPLACE INTO esg_management.company_esg_raw_data (id, metric_id, metric_name, metric_score, metric_year, company_id, company_name, pillar, provider_name) VALUES (396, 93, 'TR Analytic Renew Energy Use', 96, 2023, 5000464409, 'AES Tiete Energia SA', 'E', 'Clarity AI');
REPLACE INTO esg_management.company_esg_raw_data (id, metric_id, metric_name, metric_score, metric_year, company_id, company_name, pillar, provider_name) VALUES (397, 94, 'Turnover Employees', 86, 2022, 5000464409, 'AES Tiete Energia SA', 'S', 'Clarity AI');
REPLACE INTO esg_management.company_esg_raw_data (id, metric_id, metric_name, metric_score, metric_year, company_id, company_name, pillar, provider_name) VALUES (398, 94, 'Turnover Employees', 89, 2023, 5000464409, 'AES Tiete Energia SA', 'S', 'Clarity AI');
REPLACE INTO esg_management.company_esg_raw_data (id, metric_id, metric_name, metric_score, metric_year, company_id, company_name, pillar, provider_name) VALUES (399, 95, 'VOC Emissions', 82, 2022, 5000464409, 'AES Tiete Energia SA', 'E', 'Clarity AI');
REPLACE INTO esg_management.company_esg_raw_data (id, metric_id, metric_name, metric_score, metric_year, company_id, company_name, pillar, provider_name) VALUES (400, 95, 'VOC Emissions', 93, 2023, 5000464409, 'AES Tiete Energia SA', 'E', 'Clarity AI');
REPLACE INTO esg_management.company_esg_raw_data (id, metric_id, metric_name, metric_score, metric_year, company_id, company_name, pillar, provider_name) VALUES (401, 96, 'VOC Emissions Reduction', 80, 2022, 5000464409, 'AES Tiete Energia SA', 'E', 'Clarity AI');
REPLACE INTO esg_management.company_esg_raw_data (id, metric_id, metric_name, metric_score, metric_year, company_id, company_name, pillar, provider_name) VALUES (402, 96, 'VOC Emissions Reduction', 98, 2023, 5000464409, 'AES Tiete Energia SA', 'E', 'Clarity AI');
REPLACE INTO esg_management.company_esg_raw_data (id, metric_id, metric_name, metric_score, metric_year, company_id, company_name, pillar, provider_name) VALUES (403, 97, 'Waste Total', 84, 2022, 5000464409, 'AES Tiete Energia SA', 'E', 'Clarity AI');
REPLACE INTO esg_management.company_esg_raw_data (id, metric_id, metric_name, metric_score, metric_year, company_id, company_name, pillar, provider_name) VALUES (404, 97, 'Waste Total', 86, 2023, 5000464409, 'AES Tiete Energia SA', 'E', 'Clarity AI');
REPLACE INTO esg_management.company_esg_raw_data (id, metric_id, metric_name, metric_score, metric_year, company_id, company_name, pillar, provider_name) VALUES (405, 98, 'Waste Recycled', 95, 2022, 5000464409, 'AES Tiete Energia SA', 'E', 'Clarity AI');
REPLACE INTO esg_management.company_esg_raw_data (id, metric_id, metric_name, metric_score, metric_year, company_id, company_name, pillar, provider_name) VALUES (406, 98, 'Waste Recycled', 81, 2023, 5000464409, 'AES Tiete Energia SA', 'E', 'Clarity AI');
REPLACE INTO esg_management.company_esg_raw_data (id, metric_id, metric_name, metric_score, metric_year, company_id, company_name, pillar, provider_name) VALUES (407, 99, 'Waste Reduction Total', 80, 2022, 5000464409, 'AES Tiete Energia SA', 'E', 'Clarity AI');
REPLACE INTO esg_management.company_esg_raw_data (id, metric_id, metric_name, metric_score, metric_year, company_id, company_name, pillar, provider_name) VALUES (408, 99, 'Waste Reduction Total', 93, 2023, 5000464409, 'AES Tiete Energia SA', 'E', 'Clarity AI');
REPLACE INTO esg_management.company_esg_raw_data (id, metric_id, metric_name, metric_score, metric_year, company_id, company_name, pillar, provider_name) VALUES (409, 100, 'Water Withdrawal Total', 88, 2022, 5000464409, 'AES Tiete Energia SA', 'E', 'Clarity AI');
REPLACE INTO esg_management.company_esg_raw_data (id, metric_id, metric_name, metric_score, metric_year, company_id, company_name, pillar, provider_name) VALUES (410, 100, 'Water Withdrawal Total', 96, 2023, 5000464409, 'AES Tiete Energia SA', 'E', 'Clarity AI');
REPLACE INTO esg_management.company_esg_raw_data (id, metric_id, metric_name, metric_score, metric_year, company_id, company_name, pillar, provider_name) VALUES (411, 101, 'Water Technologies', 84, 2022, 5000464409, 'AES Tiete Energia SA', 'E', 'Clarity AI');
REPLACE INTO esg_management.company_esg_raw_data (id, metric_id, metric_name, metric_score, metric_year, company_id, company_name, pillar, provider_name) VALUES (412, 101, 'Water Technologies', 84, 2023, 5000464409, 'AES Tiete Energia SA', 'E', 'Clarity AI');
REPLACE INTO esg_management.company_esg_raw_data (id, metric_id, metric_name, metric_score, metric_year, company_id, company_name, pillar, provider_name) VALUES (413, 102, 'Water Use PAI M10', 85, 2022, 5000464409, 'AES Tiete Energia SA', 'E', 'Clarity AI');
REPLACE INTO esg_management.company_esg_raw_data (id, metric_id, metric_name, metric_score, metric_year, company_id, company_name, pillar, provider_name) VALUES (414, 102, 'Water Use PAI M10', 89, 2023, 5000464409, 'AES Tiete Energia SA', 'E', 'Clarity AI');
REPLACE INTO esg_management.company_esg_raw_data (id, metric_id, metric_name, metric_score, metric_year, company_id, company_name, pillar, provider_name) VALUES (415, 103, 'Whistleblower Protection', 83, 2022, 5000464409, 'AES Tiete Energia SA', 'S', 'Clarity AI');
REPLACE INTO esg_management.company_esg_raw_data (id, metric_id, metric_name, metric_score, metric_year, company_id, company_name, pillar, provider_name) VALUES (416, 103, 'Whistleblower Protection', 88, 2023, 5000464409, 'AES Tiete Energia SA', 'S', 'Clarity AI');
REPLACE INTO esg_management.company_esg_raw_data (id, metric_id, metric_name, metric_score, metric_year, company_id, company_name, pillar, provider_name) VALUES (417, 104, 'Women Employees', 91, 2022, 5000464409, 'AES Tiete Energia SA', 'S', 'Clarity AI');
REPLACE INTO esg_management.company_esg_raw_data (id, metric_id, metric_name, metric_score, metric_year, company_id, company_name, pillar, provider_name) VALUES (418, 104, 'Women Employees', 85, 2023, 5000464409, 'AES Tiete Energia SA', 'S', 'Clarity AI');
REPLACE INTO esg_management.company_esg_raw_data (id, metric_id, metric_name, metric_score, metric_year, company_id, company_name, pillar, provider_name) VALUES (419, 105, 'Women Managers', 97, 2022, 5000464409, 'AES Tiete Energia SA', 'S', 'Clarity AI');
REPLACE INTO esg_management.company_esg_raw_data (id, metric_id, metric_name, metric_score, metric_year, company_id, company_name, pillar, provider_name) VALUES (420, 105, 'Women Managers', 100, 2023, 5000464409, 'AES Tiete Energia SA', 'S', 'Clarity AI');

replace into framework values (1, 'SASB', 'SASB Standards enable organisations to provide industry-based disclosures about sustainability-related risks and opportunities that could reasonably be expected to affect the entity’s cash flows, access to finance or cost of capital over the short, medium or long term.');

replace into framework_company_mapping values (4295885240, 1), (5000464409, 1);

replace into framework_metric values (1, 1, 0.2, 'Environment', ''),
                                     (2, 1, 0.2, 'Social Capital', ''),
                                     (3, 1, 0.2, 'Human Capital', ''),
                                     (4, 1, 0.2, 'Business Model & Innovation', ''),
                                     (5, 1, 0.2, 'Leadership and Governance', '');

replace into framework_metric_raw_metric_mapping values (1, 1, 0.25),
                                                        (1, 2, 0.25),
                                                        (1, 9, 0.25),
                                                        (1, 16, 0.25),

                                                        (2, 72, 0.25),
                                                        (2, 73, 0.25),
                                                        (2, 75, 0.25),
                                                        (2, 76, 0.25),

                                                        (3, 41, 0.25),
                                                        (3, 45, 0.25),
                                                        (3, 46, 0.25),
                                                        (3, 53, 0.25),

                                                        (4, 42, 0.25),
                                                        (4, 43, 0.25),
                                                        (4, 49, 0.25),
                                                        (4, 50, 0.25),

                                                        (5, 3, 0.25),
                                                        (5, 4, 0.25),
                                                        (5, 5, 0.25),
                                                        (5, 6, 0.25);
